,collected_at,sensor_name,last_update,trigger,annotation
893082,2022-07-11 08:00:07.210882+10:00,m4,2022-07-08 10:53:02+10:00,,n
893084,2022-07-11 08:00:07.700055+10:00,m8,2022-07-08 13:23:21+10:00,,n
893081,2022-07-11 08:00:07.207174+10:00,m3,2022-07-08 22:10:34+10:00,,n
893078,2022-07-11 08:00:07.161203+10:00,m1,2022-07-09 19:19:28+10:00,,n
893083,2022-07-11 08:00:07.213130+10:00,m7,2022-07-09 19:19:34+10:00,,n
893080,2022-07-11 08:00:07.188332+10:00,m6,2022-07-09 19:19:39+10:00,,n
893079,2022-07-11 08:00:07.181811+10:00,m2,2022-07-09 19:19:42+10:00,,n
893077,2022-07-11 08:00:07.160828+10:00,m5,2022-07-09 19:19:47+10:00,,n
893076,2022-07-11 08:00:06.735167+10:00,hue0,2022-07-09 19:19:56+10:00,False,n
928967,2022-07-11 10:13:10.737904+10:00,m5,2022-07-11 10:05:42+10:00,,n
935571,2022-07-11 10:37:40.276058+10:00,m3,2022-07-11 10:05:44+10:00,,n
926988,2022-07-11 10:05:52.099964+10:00,hue0,2022-07-11 10:05:48+10:00,True,n
929175,2022-07-11 10:13:58.670880+10:00,hue0,2022-07-11 10:05:58+10:00,False,n
930173,2022-07-11 10:17:39.010219+10:00,m5,2022-07-11 10:16:52+10:00,,n
931724,2022-07-11 10:23:25.353037+10:00,m2,2022-07-11 10:17:19+10:00,,n
930255,2022-07-11 10:17:58.913687+10:00,hue0,2022-07-11 10:17:58+10:00,True,n
936659,2022-07-11 10:41:42.539492+10:00,m5,2022-07-11 10:18:06+10:00,,n
936627,2022-07-11 10:41:36.418782+10:00,hue0,2022-07-11 10:18:08+10:00,False,n
932743,2022-07-11 10:27:11.612086+10:00,m2,2022-07-11 10:26:17+10:00,,n
932722,2022-07-11 10:27:07.594563+10:00,m1,2022-07-11 10:26:18+10:00,,n
932734,2022-07-11 10:27:09.598212+10:00,m6,2022-07-11 10:26:20+10:00,,n
932798,2022-07-11 10:27:23.621469+10:00,m7,2022-07-11 10:26:21+10:00,,n
933057,2022-07-11 10:28:21.684012+10:00,m6,2022-07-11 10:27:44+10:00,,n
933060,2022-07-11 10:28:21.699050+10:00,m7,2022-07-11 10:27:46+10:00,,n
933055,2022-07-11 10:28:21.676305+10:00,m1,2022-07-11 10:27:46+10:00,,n
932984,2022-07-11 10:28:05.656017+10:00,m2,2022-07-11 10:27:48+10:00,,n
933100,2022-07-11 10:28:31.691470+10:00,m2,2022-07-11 10:28:11+10:00,,n
934469,2022-07-11 10:33:36.011572+10:00,m2,2022-07-11 10:28:37+10:00,,n
934459,2022-07-11 10:33:34.016890+10:00,m1,2022-07-11 10:28:38+10:00,,n
934462,2022-07-11 10:33:34.031938+10:00,m6,2022-07-11 10:28:40+10:00,,n
934474,2022-07-11 10:33:36.030903+10:00,m7,2022-07-11 10:28:42+10:00,,n
935999,2022-07-11 10:39:16.360946+10:00,m2,2022-07-11 10:35:52+10:00,,n
936010,2022-07-11 10:39:18.476249+10:00,m1,2022-07-11 10:35:53+10:00,,n
936018,2022-07-11 10:39:20.419554+10:00,m6,2022-07-11 10:35:54+10:00,,n
936032,2022-07-11 10:39:22.388050+10:00,m7,2022-07-11 10:35:56+10:00,,n
936639,2022-07-11 10:41:38.503302+10:00,m2,2022-07-11 10:41:03+10:00,,n
936574,2022-07-11 10:41:24.484154+10:00,m1,2022-07-11 10:41:04+10:00,,n
936568,2022-07-11 10:41:22.515297+10:00,m6,2022-07-11 10:41:05+10:00,,n
936597,2022-07-11 10:41:28.516804+10:00,m7,2022-07-11 10:41:07+10:00,,n
936688,2022-07-11 10:41:48.549896+10:00,m7,2022-07-11 10:41:27+10:00,,n
936685,2022-07-11 10:41:48.521698+10:00,m6,2022-07-11 10:41:27+10:00,,n
937537,2022-07-11 10:44:58.715667+10:00,m1,2022-07-11 10:41:34+10:00,,n
937564,2022-07-11 10:45:04.741799+10:00,m6,2022-07-11 10:41:47+10:00,,n
937614,2022-07-11 10:45:14.762423+10:00,m7,2022-07-11 10:41:48+10:00,,n
937601,2022-07-11 10:45:12.739785+10:00,m2,2022-07-11 10:41:48+10:00,,n
938119,2022-07-11 10:47:06.886217+10:00,m2,2022-07-11 10:46:46+10:00,,n
938104,2022-07-11 10:47:04.859439+10:00,m1,2022-07-11 10:46:46+10:00,,n
938159,2022-07-11 10:47:16.876666+10:00,m6,2022-07-11 10:46:47+10:00,,n
938128,2022-07-11 10:47:08.886818+10:00,m7,2022-07-11 10:46:50+10:00,,n
938386,2022-07-11 10:48:06.924617+10:00,m2,2022-07-11 10:47:13+10:00,,n
938383,2022-07-11 10:48:06.918442+10:00,m1,2022-07-11 10:47:14+10:00,,n
938232,2022-07-11 10:47:32.899373+10:00,m6,2022-07-11 10:47:15+10:00,,n
938299,2022-07-11 10:47:46.926452+10:00,m7,2022-07-11 10:47:17+10:00,,n
938358,2022-07-11 10:48:00.922699+10:00,m6,2022-07-11 10:47:37+10:00,,n
938494,2022-07-11 10:48:30.957981+10:00,m6,2022-07-11 10:47:58+10:00,,n
938552,2022-07-11 10:48:43.018374+10:00,m7,2022-07-11 10:48:04+10:00,,n
938669,2022-07-11 10:49:09.036888+10:00,m7,2022-07-11 10:48:42+10:00,,n
938638,2022-07-11 10:49:02.992119+10:00,m6,2022-07-11 10:48:43+10:00,,n
939085,2022-07-11 10:50:43.082568+10:00,m1,2022-07-11 10:48:44+10:00,,n
939100,2022-07-11 10:50:45.122193+10:00,m2,2022-07-11 10:48:45+10:00,,n
938830,2022-07-11 10:49:45.072292+10:00,m7,2022-07-11 10:49:09+10:00,,n
939176,2022-07-11 10:51:03.105238+10:00,m6,2022-07-11 10:49:12+10:00,,n
939036,2022-07-11 10:50:31.097051+10:00,m7,2022-07-11 10:50:05+10:00,,n
939290,2022-07-11 10:51:27.145781+10:00,m7,2022-07-11 10:50:36+10:00,,n
940483,2022-07-11 10:55:53.402955+10:00,m6,2022-07-11 10:51:39+10:00,,n
940548,2022-07-11 10:56:07.430415+10:00,m7,2022-07-11 10:51:42+10:00,,n
940534,2022-07-11 10:56:05.412362+10:00,m1,2022-07-11 10:51:42+10:00,,n
940538,2022-07-11 10:56:05.426131+10:00,m2,2022-07-11 10:51:43+10:00,,n
940628,2022-07-11 10:56:25.461260+10:00,m5,2022-07-11 10:53:17+10:00,,n
940367,2022-07-11 10:55:27.379618+10:00,m3,2022-07-11 10:53:20+10:00,,n
939813,2022-07-11 10:53:25.172290+10:00,hue0,2022-07-11 10:53:24+10:00,True,n
940389,2022-07-11 10:55:33.300245+10:00,hue0,2022-07-11 10:53:34+10:00,False,n
940836,2022-07-11 10:57:11.497451+10:00,m3,2022-07-11 10:56:30+10:00,,n
940695,2022-07-11 10:56:41.375818+10:00,hue0,2022-07-11 10:56:31+10:00,True,n
940823,2022-07-11 10:57:09.486287+10:00,m8,2022-07-11 10:56:40+10:00,,n
942782,2022-07-11 11:04:23.971610+10:00,m4,2022-07-11 10:56:45+10:00,,n
940722,2022-07-11 10:56:47.384831+10:00,hue0,2022-07-11 10:56:47+10:00,True,n
940956,2022-07-11 10:57:39.434913+10:00,hue0,2022-07-11 10:56:57+10:00,False,n
940922,2022-07-11 10:57:31.512058+10:00,m8,2022-07-11 10:57:06+10:00,,n
941063,2022-07-11 10:58:01.557755+10:00,m8,2022-07-11 10:57:27+10:00,,n
941024,2022-07-11 10:57:53.540153+10:00,m3,2022-07-11 10:57:35+10:00,,n
941064,2022-07-11 10:58:03.461658+10:00,hue0,2022-07-11 10:57:40+10:00,True,n
943203,2022-07-11 11:05:58.056328+10:00,m3,2022-07-11 10:57:57+10:00,,n
942786,2022-07-11 11:04:25.959904+10:00,m8,2022-07-11 10:57:57+10:00,,n
942779,2022-07-11 11:04:23.957119+10:00,m5,2022-07-11 10:58:01+10:00,,n
941192,2022-07-11 10:58:31.563551+10:00,m2,2022-07-11 10:58:09+10:00,,n
941173,2022-07-11 10:58:27.559729+10:00,m1,2022-07-11 10:58:10+10:00,,n
941175,2022-07-11 10:58:27.563379+10:00,m6,2022-07-11 10:58:11+10:00,,n
941206,2022-07-11 10:58:33.587054+10:00,m7,2022-07-11 10:58:14+10:00,,n
942720,2022-07-11 11:04:11.863353+10:00,hue0,2022-07-11 10:58:19+10:00,False,n
943354,2022-07-11 11:06:32.089620+10:00,m6,2022-07-11 10:58:32+10:00,,n
943342,2022-07-11 11:06:30.072580+10:00,m1,2022-07-11 10:58:33+10:00,,n
943358,2022-07-11 11:06:32.111339+10:00,m7,2022-07-11 10:58:34+10:00,,n
943334,2022-07-11 11:06:28.073332+10:00,m2,2022-07-11 10:58:37+10:00,,n
943548,2022-07-11 11:07:16.048666+10:00,hue0,2022-07-11 11:06:59+10:00,True,n
943566,2022-07-11 11:07:20.052546+10:00,hue0,2022-07-11 11:07:19+10:00,False,n
943659,2022-07-11 11:07:40.146519+10:00,m8,2022-07-11 11:07:20+10:00,,n
943629,2022-07-11 11:07:34.065731+10:00,hue0,2022-07-11 11:07:21+10:00,True,n
944220,2022-07-11 11:09:44.293355+10:00,m5,2022-07-11 11:07:22+10:00,,n
943791,2022-07-11 11:08:10.103638+10:00,hue0,2022-07-11 11:07:36+10:00,False,n
943795,2022-07-11 11:08:10.181843+10:00,m8,2022-07-11 11:07:46+10:00,,n
943875,2022-07-11 11:08:28.199869+10:00,m8,2022-07-11 11:08:06+10:00,,n
943880,2022-07-11 11:08:28.220018+10:00,m4,2022-07-11 11:08:10+10:00,,n
960466,2022-07-11 12:09:58.193743+10:00,m8,2022-07-11 11:08:29+10:00,,n
1039413,2022-07-11 17:02:40.948415+10:00,m4,2022-07-11 11:08:30+10:00,,n
952202,2022-07-11 11:39:20.213963+10:00,m3,2022-07-11 11:08:33+10:00,,n
943953,2022-07-11 11:08:46.138876+10:00,hue0,2022-07-11 11:08:38+10:00,True,n
944286,2022-07-11 11:10:00.218816+10:00,hue0,2022-07-11 11:08:48+10:00,False,n
955087,2022-07-11 11:50:02.900169+10:00,m2,2022-07-11 11:10:06+10:00,,n
955089,2022-07-11 11:50:02.901437+10:00,m1,2022-07-11 11:10:08+10:00,,n
955091,2022-07-11 11:50:02.908178+10:00,m6,2022-07-11 11:10:10+10:00,,n
955103,2022-07-11 11:50:04.918264+10:00,m7,2022-07-11 11:10:12+10:00,,n
944502,2022-07-11 11:10:48.268836+10:00,hue0,2022-07-11 11:10:28+10:00,True,n
944875,2022-07-11 11:12:10.442844+10:00,m5,2022-07-11 11:10:32+10:00,,n
944889,2022-07-11 11:12:14.358286+10:00,hue0,2022-07-11 11:10:50+10:00,False,n
947777,2022-07-11 11:22:55.183253+10:00,m5,2022-07-11 11:12:42+10:00,,n
945060,2022-07-11 11:12:52.406424+10:00,hue0,2022-07-11 11:12:43+10:00,True,n
947805,2022-07-11 11:23:03.079827+10:00,hue0,2022-07-11 11:12:53+10:00,False,n
949601,2022-07-11 11:29:41.621292+10:00,m5,2022-07-11 11:27:40+10:00,,n
949137,2022-07-11 11:27:59.417247+10:00,hue0,2022-07-11 11:27:47+10:00,True,n
949965,2022-07-11 11:31:03.630519+10:00,hue0,2022-07-11 11:28:07+10:00,False,n
950212,2022-07-11 11:31:57.763515+10:00,m5,2022-07-11 11:30:26+10:00,,n
954293,2022-07-11 11:47:04.764364+10:00,m5,2022-07-11 11:32:32+10:00,,n
950424,2022-07-11 11:32:45.728632+10:00,hue0,2022-07-11 11:32:39+10:00,True,n
954429,2022-07-11 11:47:36.677284+10:00,hue0,2022-07-11 11:32:49+10:00,False,n
956340,2022-07-11 11:54:41.189540+10:00,m5,2022-07-11 11:54:24+10:00,,n
957846,2022-07-11 12:00:15.549463+10:00,m3,2022-07-11 11:54:28+10:00,,n
956355,2022-07-11 11:54:45.110793+10:00,hue0,2022-07-11 11:54:31+10:00,True,n
957852,2022-07-11 12:00:17.547020+10:00,m5,2022-07-11 11:54:45+10:00,,n
957993,2022-07-11 12:00:49.501014+10:00,hue0,2022-07-11 11:54:55+10:00,False,n
959824,2022-07-11 12:07:36.008278+10:00,m5,2022-07-11 12:02:51+10:00,,n
958614,2022-07-11 12:03:07.658764+10:00,hue0,2022-07-11 12:02:56+10:00,True,n
960672,2022-07-11 12:10:44.218677+10:00,m3,2022-07-11 12:02:57+10:00,,n
959811,2022-07-11 12:07:33.923455+10:00,hue0,2022-07-11 12:03:10+10:00,False,n
961274,2022-07-11 12:12:58.345229+10:00,m5,2022-07-11 12:09:53+10:00,,2r
960495,2022-07-11 12:10:06.077139+10:00,hue0,2022-07-11 12:09:59+10:00,True,2r
961361,2022-07-11 12:13:18.361684+10:00,m2,2022-07-11 12:09:59+10:00,,2r
961369,2022-07-11 12:13:20.362646+10:00,m1,2022-07-11 12:10:00+10:00,,2r
961283,2022-07-11 12:13:00.358905+10:00,m6,2022-07-11 12:10:01+10:00,,2r
960611,2022-07-11 12:10:30.237263+10:00,m7,2022-07-11 12:10:04+10:00,,2r
961368,2022-07-11 12:13:20.290180+10:00,hue0,2022-07-11 12:10:09+10:00,False,2r
960700,2022-07-11 12:10:50.223307+10:00,m7,2022-07-11 12:10:30+10:00,,2r
960790,2022-07-11 12:11:10.245918+10:00,m7,2022-07-11 12:10:51+10:00,,2r
960925,2022-07-11 12:11:40.268886+10:00,m7,2022-07-11 12:11:12+10:00,,2r
961060,2022-07-11 12:12:10.303247+10:00,m7,2022-07-11 12:11:39+10:00,,2r
961329,2022-07-11 12:13:10.373983+10:00,m7,2022-07-11 12:12:29+10:00,,2r
961608,2022-07-11 12:14:12.452880+10:00,m7,2022-07-11 12:13:26+10:00,,2r
963108,2022-07-11 12:19:46.811873+10:00,m5,2022-07-11 12:14:24+10:00,,1r
963857,2022-07-11 12:22:32.993501+10:00,m3,2022-07-11 12:14:25+10:00,,1r
963827,2022-07-11 12:22:26.982302+10:00,m2,2022-07-11 12:14:29+10:00,,1r
961719,2022-07-11 12:14:38.382514+10:00,hue0,2022-07-11 12:14:29+10:00,True,1r
963880,2022-07-11 12:22:39.026091+10:00,m1,2022-07-11 12:14:30+10:00,,1r
961763,2022-07-11 12:14:46.508768+10:00,m7,2022-07-11 12:14:30+10:00,,2r
961805,2022-07-11 12:14:56.488045+10:00,m6,2022-07-11 12:14:31+10:00,,1r
963132,2022-07-11 12:19:52.727963+10:00,hue0,2022-07-11 12:14:39+10:00,False,1r
961861,2022-07-11 12:15:08.523115+10:00,m7,2022-07-11 12:14:52+10:00,,2r
961867,2022-07-11 12:15:10.496435+10:00,m6,2022-07-11 12:14:54+10:00,,1r
961992,2022-07-11 12:15:38.531581+10:00,m6,2022-07-11 12:15:15+10:00,,1r
962085,2022-07-11 12:15:58.567373+10:00,m7,2022-07-11 12:15:18+10:00,,2r
962100,2022-07-11 12:16:02.561639+10:00,m6,2022-07-11 12:15:37+10:00,,1r
962184,2022-07-11 12:16:20.597745+10:00,m7,2022-07-11 12:15:59+10:00,,2r
962191,2022-07-11 12:16:22.592188+10:00,m6,2022-07-11 12:16:00+10:00,,1r
962249,2022-07-11 12:16:34.656332+10:00,m7,2022-07-11 12:16:20+10:00,,2r
962281,2022-07-11 12:16:42.605156+10:00,m6,2022-07-11 12:16:20+10:00,,1r
962365,2022-07-11 12:17:00.643948+10:00,m7,2022-07-11 12:16:40+10:00,,2r
962380,2022-07-11 12:17:04.666906+10:00,m6,2022-07-11 12:16:42+10:00,,1r
962436,2022-07-11 12:17:16.745364+10:00,m7,2022-07-11 12:17:01+10:00,,2r
962470,2022-07-11 12:17:24.689974+10:00,m6,2022-07-11 12:17:03+10:00,,1r
962680,2022-07-11 12:18:10.750549+10:00,m7,2022-07-11 12:17:24+10:00,,2r
962694,2022-07-11 12:18:14.736468+10:00,m6,2022-07-11 12:17:37+10:00,,1r
962901,2022-07-11 12:19:00.780308+10:00,m6,2022-07-11 12:18:39+10:00,,1r
962887,2022-07-11 12:18:56.869004+10:00,m7,2022-07-11 12:18:42+10:00,,2r
963032,2022-07-11 12:19:28.843666+10:00,m6,2022-07-11 12:19:00+10:00,,1r
963002,2022-07-11 12:19:22.810816+10:00,m7,2022-07-11 12:19:02+10:00,,2r
963095,2022-07-11 12:19:42.871053+10:00,m7,2022-07-11 12:19:23+10:00,,2r
963179,2022-07-11 12:20:02.874243+10:00,m6,2022-07-11 12:19:26+10:00,,1r
963245,2022-07-11 12:20:16.901194+10:00,m7,2022-07-11 12:19:55+10:00,,2r
963369,2022-07-11 12:20:44.911067+10:00,m6,2022-07-11 12:20:25+10:00,,1r
963418,2022-07-11 12:20:54.930075+10:00,m7,2022-07-11 12:20:31+10:00,,2r
963442,2022-07-11 12:21:00.913891+10:00,m6,2022-07-11 12:20:45+10:00,,1r
963578,2022-07-11 12:21:30.960132+10:00,m7,2022-07-11 12:20:54+10:00,,2r
963529,2022-07-11 12:21:20.916669+10:00,m6,2022-07-11 12:21:06+10:00,,1r
963671,2022-07-11 12:21:50.975267+10:00,m6,2022-07-11 12:21:27+10:00,,1r
963669,2022-07-11 12:21:50.956145+10:00,m7,2022-07-11 12:21:31+10:00,,2r
963765,2022-07-11 12:22:12.962107+10:00,m6,2022-07-11 12:21:49+10:00,,1r
963894,2022-07-11 12:22:41.006697+10:00,m7,2022-07-11 12:21:53+10:00,,2r
964640,2022-07-11 12:25:27.153567+10:00,m5,2022-07-11 12:22:17+10:00,,n
963816,2022-07-11 12:22:24.881538+10:00,hue0,2022-07-11 12:22:17+10:00,True,n
963911,2022-07-11 12:22:44.996502+10:00,m6,2022-07-11 12:22:22+10:00,,1r
964419,2022-07-11 12:24:39.017949+10:00,hue0,2022-07-11 12:22:27+10:00,False,n
964070,2022-07-11 12:23:21.019130+10:00,m6,2022-07-11 12:22:55+10:00,,1r
964174,2022-07-11 12:23:43.057342+10:00,m7,2022-07-11 12:23:16+10:00,,2r
964513,2022-07-11 12:24:59.137441+10:00,m6,2022-07-11 12:23:20+10:00,,1r
964344,2022-07-11 12:24:21.100641+10:00,m7,2022-07-11 12:24:01+10:00,,2r
964435,2022-07-11 12:24:41.113251+10:00,m7,2022-07-11 12:24:21+10:00,,2r
964498,2022-07-11 12:24:55.149124+10:00,m7,2022-07-11 12:24:41+10:00,,2r
964615,2022-07-11 12:25:21.165238+10:00,m7,2022-07-11 12:25:01+10:00,,2r
964679,2022-07-11 12:25:35.206574+10:00,m7,2022-07-11 12:25:21+10:00,,2r
964826,2022-07-11 12:26:09.203756+10:00,m6,2022-07-11 12:25:35+10:00,,1r
964823,2022-07-11 12:26:07.217298+10:00,m7,2022-07-11 12:25:41+10:00,,2r
967523,2022-07-11 12:36:07.875828+10:00,m7,2022-07-11 12:26:15+10:00,,2r
964989,2022-07-11 12:26:45.237661+10:00,m6,2022-07-11 12:26:25+10:00,,1r
967521,2022-07-11 12:36:07.870018+10:00,m1,2022-07-11 12:26:26+10:00,,2r
967527,2022-07-11 12:36:09.858177+10:00,m2,2022-07-11 12:26:28+10:00,,2r
965820,2022-07-11 12:29:49.470975+10:00,m5,2022-07-11 12:26:33+10:00,,2r
967520,2022-07-11 12:36:07.863972+10:00,m3,2022-07-11 12:26:33+10:00,,2r
964968,2022-07-11 12:26:41.150788+10:00,hue0,2022-07-11 12:26:34+10:00,True,2r
965913,2022-07-11 12:30:11.400065+10:00,hue0,2022-07-11 12:26:44+10:00,False,2r
965297,2022-07-11 12:27:53.325535+10:00,m6,2022-07-11 12:26:50+10:00,,1r
965485,2022-07-11 12:28:35.372786+10:00,m6,2022-07-11 12:28:13+10:00,,1r
965861,2022-07-11 12:29:59.467798+10:00,m6,2022-07-11 12:28:45+10:00,,1r
966141,2022-07-11 12:31:01.538732+10:00,m6,2022-07-11 12:30:27+10:00,,1r
966825,2022-07-11 12:33:33.713359+10:00,m6,2022-07-11 12:31:21+10:00,,1r
966384,2022-07-11 12:31:55.606800+10:00,m5,2022-07-11 12:31:23+10:00,,n
966300,2022-07-11 12:31:37.494849+10:00,hue0,2022-07-11 12:31:29+10:00,True,n
966453,2022-07-11 12:32:11.540662+10:00,hue0,2022-07-11 12:31:39+10:00,False,n
966935,2022-07-11 12:33:57.746326+10:00,m5,2022-07-11 12:32:11+10:00,,n
966489,2022-07-11 12:32:19.549407+10:00,hue0,2022-07-11 12:32:12+10:00,True,n
966849,2022-07-11 12:33:39.644713+10:00,hue0,2022-07-11 12:32:22+10:00,False,n
966889,2022-07-11 12:33:47.733981+10:00,m6,2022-07-11 12:33:31+10:00,,1r
967291,2022-07-11 12:35:17.830709+10:00,m6,2022-07-11 12:33:52+10:00,,1r
967029,2022-07-11 12:34:19.683122+10:00,hue0,2022-07-11 12:34:07+10:00,True,n
967137,2022-07-11 12:34:43.706104+10:00,hue0,2022-07-11 12:34:22+10:00,False,n
967182,2022-07-11 12:34:53.712721+10:00,hue0,2022-07-11 12:34:46+10:00,True,n
967709,2022-07-11 12:36:49.923833+10:00,m5,2022-07-11 12:34:50+10:00,,n
967632,2022-07-11 12:36:33.811585+10:00,hue0,2022-07-11 12:34:56+10:00,False,n
967493,2022-07-11 12:36:01.860334+10:00,m6,2022-07-11 12:35:44+10:00,,1r
967661,2022-07-11 12:36:39.894668+10:00,m6,2022-07-11 12:36:08+10:00,,1r
967933,2022-07-11 12:37:39.953909+10:00,m6,2022-07-11 12:36:58+10:00,,1r
972270,2022-07-11 12:53:44.988995+10:00,m8,2022-07-11 12:37:50+10:00,,n
968531,2022-07-11 12:39:52.119450+10:00,m5,2022-07-11 12:37:51+10:00,,n
968055,2022-07-11 12:38:07.902069+10:00,hue0,2022-07-11 12:37:59+10:00,True,n
968122,2022-07-11 12:38:22.002806+10:00,m6,2022-07-11 12:38:04+10:00,,1r
968685,2022-07-11 12:40:28.046070+10:00,hue0,2022-07-11 12:38:09+10:00,False,n
968256,2022-07-11 12:38:52.032011+10:00,m6,2022-07-11 12:38:26+10:00,,1r
968464,2022-07-11 12:39:38.074609+10:00,m6,2022-07-11 12:39:04+10:00,,1r
968643,2022-07-11 12:40:18.111954+10:00,m6,2022-07-11 12:39:55+10:00,,1r
968864,2022-07-11 12:41:06.206138+10:00,m6,2022-07-11 12:40:28+10:00,,1r
968898,2022-07-11 12:41:14.189710+10:00,m5,2022-07-11 12:40:54+10:00,,2r
972147,2022-07-11 12:53:16.990305+10:00,m3,2022-07-11 12:40:55+10:00,,2r
974145,2022-07-11 13:00:41.462032+10:00,m2,2022-07-11 12:41:03+10:00,,2r
974203,2022-07-11 13:00:55.456435+10:00,m1,2022-07-11 12:41:03+10:00,,2r
969049,2022-07-11 12:41:48.219273+10:00,m6,2022-07-11 12:41:04+10:00,,1r
971122,2022-07-11 12:49:28.733658+10:00,m7,2022-07-11 12:41:06+10:00,,2r
970481,2022-07-11 12:47:06.621253+10:00,m5,2022-07-11 12:41:17+10:00,,2r
968955,2022-07-11 12:41:28.115555+10:00,hue0,2022-07-11 12:41:19+10:00,True,2r
970512,2022-07-11 12:47:14.501729+10:00,hue0,2022-07-11 12:41:29+10:00,False,2r
969201,2022-07-11 12:42:22.256003+10:00,m6,2022-07-11 12:41:46+10:00,,1r
969481,2022-07-11 12:43:24.321858+10:00,m6,2022-07-11 12:42:41+10:00,,1r
969589,2022-07-11 12:43:48.343366+10:00,m6,2022-07-11 12:43:23+10:00,,1r
969670,2022-07-11 12:44:06.364013+10:00,m6,2022-07-11 12:43:47+10:00,,1r
969832,2022-07-11 12:44:42.411406+10:00,m6,2022-07-11 12:44:15+10:00,,1r
969930,2022-07-11 12:45:04.436265+10:00,m6,2022-07-11 12:44:41+10:00,,1r
970073,2022-07-11 12:45:36.475517+10:00,m6,2022-07-11 12:45:17+10:00,,1r
970282,2022-07-11 12:46:22.520244+10:00,m6,2022-07-11 12:45:46+10:00,,1r
970507,2022-07-11 12:47:12.617649+10:00,m6,2022-07-11 12:46:41+10:00,,1r
970678,2022-07-11 12:47:50.640280+10:00,m6,2022-07-11 12:47:29+10:00,,1r
970867,2022-07-11 12:48:32.690152+10:00,m6,2022-07-11 12:47:58+10:00,,1r
971083,2022-07-11 12:49:20.716436+10:00,m6,2022-07-11 12:48:56+10:00,,1r
971397,2022-07-11 12:50:30.788886+10:00,m6,2022-07-11 12:49:32+10:00,,1r
971804,2022-07-11 12:52:00.882982+10:00,m5,2022-07-11 12:49:48+10:00,,n
971295,2022-07-11 12:50:08.682586+10:00,hue0,2022-07-11 12:49:54+10:00,True,n
971835,2022-07-11 12:52:08.807168+10:00,hue0,2022-07-11 12:50:13+10:00,False,n
971596,2022-07-11 12:51:14.829853+10:00,m6,2022-07-11 12:50:50+10:00,,1r
971747,2022-07-11 12:51:48.865015+10:00,m6,2022-07-11 12:51:24+10:00,,1r
971937,2022-07-11 12:52:30.914924+10:00,m6,2022-07-11 12:51:47+10:00,,1r
972046,2022-07-11 12:52:54.933825+10:00,m6,2022-07-11 12:52:29+10:00,,1r
973224,2022-07-11 12:57:17.219435+10:00,m5,2022-07-11 12:52:45+10:00,,n
972069,2022-07-11 12:53:00.859933+10:00,hue0,2022-07-11 12:52:51+10:00,True,n
972115,2022-07-11 12:53:10.953280+10:00,m6,2022-07-11 12:52:54+10:00,,1r
973185,2022-07-11 12:57:09.128809+10:00,hue0,2022-07-11 12:53:01+10:00,False,n
972236,2022-07-11 12:53:36.993745+10:00,m6,2022-07-11 12:53:14+10:00,,1r
972310,2022-07-11 12:53:53.009077+10:00,m7,2022-07-11 12:53:27+10:00,,1r
972334,2022-07-11 12:53:59.013250+10:00,m6,2022-07-11 12:53:36+10:00,,1r
972436,2022-07-11 12:54:21.040723+10:00,m7,2022-07-11 12:53:52+10:00,,1r
972378,2022-07-11 12:54:09.019307+10:00,m6,2022-07-11 12:53:57+10:00,,1r
972496,2022-07-11 12:54:35.041563+10:00,m6,2022-07-11 12:54:18+10:00,,1r
973056,2022-07-11 12:56:39.190726+10:00,m7,2022-07-11 12:54:22+10:00,,1r
972602,2022-07-11 12:54:59.082195+10:00,m6,2022-07-11 12:54:38+10:00,,1r
972698,2022-07-11 12:55:19.124256+10:00,m6,2022-07-11 12:54:58+10:00,,1r
972781,2022-07-11 12:55:39.114897+10:00,m6,2022-07-11 12:55:18+10:00,,1r
972884,2022-07-11 12:56:01.146774+10:00,m6,2022-07-11 12:55:39+10:00,,1r
972955,2022-07-11 12:56:17.158143+10:00,m6,2022-07-11 12:55:59+10:00,,1r
973063,2022-07-11 12:56:41.190227+10:00,m6,2022-07-11 12:56:20+10:00,,1r
973162,2022-07-11 12:57:03.205605+10:00,m6,2022-07-11 12:56:40+10:00,,1r
973225,2022-07-11 12:57:17.221588+10:00,m6,2022-07-11 12:57:01+10:00,,1r
973451,2022-07-11 12:58:07.277177+10:00,m6,2022-07-11 12:57:22+10:00,,1r
975641,2022-07-11 13:06:13.834569+10:00,m7,2022-07-11 12:57:28+10:00,,1r
973702,2022-07-11 12:59:03.339021+10:00,m6,2022-07-11 12:58:34+10:00,,1r
973873,2022-07-11 12:59:41.381614+10:00,m6,2022-07-11 12:59:14+10:00,,1r
974173,2022-07-11 13:00:47.485458+10:00,m5,2022-07-11 12:59:18+10:00,,n
975954,2022-07-11 13:07:23.897676+10:00,m3,2022-07-11 12:59:20+10:00,,n
973977,2022-07-11 13:00:05.330897+10:00,hue0,2022-07-11 12:59:25+10:00,True,n
974070,2022-07-11 13:00:25.431954+10:00,m6,2022-07-11 12:59:39+10:00,,1r
974247,2022-07-11 13:01:05.398516+10:00,hue0,2022-07-11 13:00:37+10:00,False,n
974295,2022-07-11 13:01:15.487406+10:00,m6,2022-07-11 13:00:50+10:00,,1r
974283,2022-07-11 13:01:13.405579+10:00,hue0,2022-07-11 13:01:06+10:00,True,n
974526,2022-07-11 13:02:07.473968+10:00,hue0,2022-07-11 13:01:16+10:00,False,n
974441,2022-07-11 13:01:47.561269+10:00,m5,2022-07-11 13:01:17+10:00,,n
974440,2022-07-11 13:01:47.560827+10:00,m6,2022-07-11 13:01:25+10:00,,1r
976438,2022-07-11 13:09:12.013476+10:00,m8,2022-07-11 13:01:37+10:00,,n
976143,2022-07-11 13:08:05.946097+10:00,m5,2022-07-11 13:01:46+10:00,,n
974655,2022-07-11 13:02:35.585452+10:00,m6,2022-07-11 13:01:58+10:00,,1r
974535,2022-07-11 13:02:09.476054+10:00,hue0,2022-07-11 13:02:09+10:00,True,n
974607,2022-07-11 13:02:25.490695+10:00,hue0,2022-07-11 13:02:19+10:00,False,n
974733,2022-07-11 13:02:53.519351+10:00,hue0,2022-07-11 13:02:26+10:00,True,n
974791,2022-07-11 13:03:05.617191+10:00,m6,2022-07-11 13:02:33+10:00,,1r
974778,2022-07-11 13:03:03.533275+10:00,hue0,2022-07-11 13:02:59+10:00,False,n
974787,2022-07-11 13:03:05.534771+10:00,hue0,2022-07-11 13:03:05+10:00,True,n
975498,2022-07-11 13:05:43.707359+10:00,hue0,2022-07-11 13:03:15+10:00,False,n
974943,2022-07-11 13:03:39.655015+10:00,m6,2022-07-11 13:03:24+10:00,,1r
975033,2022-07-11 13:03:59.681237+10:00,m6,2022-07-11 13:03:44+10:00,,1r
975160,2022-07-11 13:04:27.714161+10:00,m6,2022-07-11 13:04:05+10:00,,1r
975331,2022-07-11 13:05:05.750820+10:00,m6,2022-07-11 13:04:28+10:00,,1r
975501,2022-07-11 13:05:43.787030+10:00,m6,2022-07-11 13:05:27+10:00,,1r
975635,2022-07-11 13:06:13.821007+10:00,m6,2022-07-11 13:05:50+10:00,,1r
975753,2022-07-11 13:06:39.848557+10:00,m6,2022-07-11 13:06:12+10:00,,1r
976086,2022-07-11 13:07:53.935851+10:00,m6,2022-07-11 13:06:53+10:00,,1r
975876,2022-07-11 13:07:07.794030+10:00,hue0,2022-07-11 13:06:56+10:00,True,n
975903,2022-07-11 13:07:13.799149+10:00,hue0,2022-07-11 13:07:12+10:00,False,n
976011,2022-07-11 13:07:37.824934+10:00,hue0,2022-07-11 13:07:30+10:00,True,n
976110,2022-07-11 13:07:59.841822+10:00,hue0,2022-07-11 13:07:40+10:00,False,n
976200,2022-07-11 13:08:19.864530+10:00,hue0,2022-07-11 13:08:13+10:00,True,n
976385,2022-07-11 13:08:59.999573+10:00,m6,2022-07-11 13:08:13+10:00,,1r
976236,2022-07-11 13:08:27.868972+10:00,hue0,2022-07-11 13:08:23+10:00,False,n
976254,2022-07-11 13:08:31.878412+10:00,hue0,2022-07-11 13:08:30+10:00,True,n
976344,2022-07-11 13:08:51.897838+10:00,hue0,2022-07-11 13:08:45+10:00,True,n
976767,2022-07-11 13:10:26.002258+10:00,hue0,2022-07-11 13:08:55+10:00,False,n
976627,2022-07-11 13:09:54.071369+10:00,m6,2022-07-11 13:09:30+10:00,,1r
976795,2022-07-11 13:10:32.080652+10:00,m6,2022-07-11 13:10:01+10:00,,1r
976896,2022-07-11 13:10:54.101943+10:00,m6,2022-07-11 13:10:30+10:00,,1r
976937,2022-07-11 13:11:02.156013+10:00,m7,2022-07-11 13:10:41+10:00,,1r
976984,2022-07-11 13:11:14.122520+10:00,m1,2022-07-11 13:10:42+10:00,,2r
976985,2022-07-11 13:11:14.128174+10:00,m2,2022-07-11 13:10:44+10:00,,2r
976972,2022-07-11 13:11:10.139566+10:00,m6,2022-07-11 13:10:52+10:00,,1r
976983,2022-07-11 13:11:14.045882+10:00,hue0,2022-07-11 13:10:57+10:00,True,n
977297,2022-07-11 13:12:22.238217+10:00,m5,2022-07-11 13:11:00+10:00,,2r
977061,2022-07-11 13:11:30.150514+10:00,m3,2022-07-11 13:11:02+10:00,,2r
978617,2022-07-11 13:17:16.555633+10:00,m2,2022-07-11 13:11:12+10:00,,2r
978604,2022-07-11 13:17:14.525163+10:00,m1,2022-07-11 13:11:13+10:00,,2r
977067,2022-07-11 13:11:32.144784+10:00,m6,2022-07-11 13:11:14+10:00,,1r
976992,2022-07-11 13:11:16.046521+10:00,hue0,2022-07-11 13:11:15+10:00,False,n
977087,2022-07-11 13:11:36.163079+10:00,m7,2022-07-11 13:11:16+10:00,,1r
977352,2022-07-11 13:12:36.139829+10:00,hue0,2022-07-11 13:11:25+10:00,True,n
977179,2022-07-11 13:11:56.182046+10:00,m7,2022-07-11 13:11:36+10:00,,2r
977213,2022-07-11 13:12:04.200956+10:00,m6,2022-07-11 13:11:38+10:00,,1r
977216,2022-07-11 13:12:04.298034+10:00,m3,2022-07-11 13:11:39+10:00,,n
977269,2022-07-11 13:12:16.220806+10:00,m7,2022-07-11 13:11:57+10:00,,2r
977430,2022-07-11 13:12:52.254153+10:00,m3,2022-07-11 13:12:02+10:00,,
977338,2022-07-11 13:12:32.214616+10:00,m6,2022-07-11 13:12:10+10:00,,1r
977378,2022-07-11 13:12:40.247755+10:00,m7,2022-07-11 13:12:17+10:00,,2r
977454,2022-07-11 13:12:58.247337+10:00,m6,2022-07-11 13:12:31+10:00,,1r
977503,2022-07-11 13:13:08.284329+10:00,m7,2022-07-11 13:12:42+10:00,,2r
978312,2022-07-11 13:16:08.467482+10:00,m3,2022-07-11 13:12:50+10:00,,n
978434,2022-07-11 13:16:36.485024+10:00,m8,2022-07-11 13:12:50+10:00,,n
978302,2022-07-11 13:16:06.460002+10:00,m5,2022-07-11 13:12:53+10:00,,n
977599,2022-07-11 13:13:30.277547+10:00,m6,2022-07-11 13:12:58+10:00,,1r
978315,2022-07-11 13:16:10.379691+10:00,hue0,2022-07-11 13:13:06+10:00,False,n
977566,2022-07-11 13:13:22.289628+10:00,m7,2022-07-11 13:13:08+10:00,,2r
977655,2022-07-11 13:13:42.324129+10:00,m7,2022-07-11 13:13:28+10:00,,2r
977786,2022-07-11 13:14:12.337355+10:00,m6,2022-07-11 13:13:47+10:00,,1r
977774,2022-07-11 13:14:08.374849+10:00,m7,2022-07-11 13:13:49+10:00,,2r
977895,2022-07-11 13:14:36.382322+10:00,m6,2022-07-11 13:14:11+10:00,,1r
977918,2022-07-11 13:14:40.425515+10:00,m7,2022-07-11 13:14:14+10:00,,2r
977959,2022-07-11 13:14:50.410219+10:00,m6,2022-07-11 13:14:34+10:00,,1r
978008,2022-07-11 13:15:00.445266+10:00,m7,2022-07-11 13:14:40+10:00,,2r
978087,2022-07-11 13:15:18.463171+10:00,m6,2022-07-11 13:14:55+10:00,,1r
978070,2022-07-11 13:15:14.422674+10:00,m7,2022-07-11 13:15:01+10:00,,2r
978147,2022-07-11 13:15:32.427969+10:00,m6,2022-07-11 13:15:16+10:00,,1r
978197,2022-07-11 13:15:42.481202+10:00,m7,2022-07-11 13:15:21+10:00,,2r
978284,2022-07-11 13:16:02.460008+10:00,m6,2022-07-11 13:15:37+10:00,,1r
978304,2022-07-11 13:16:06.470117+10:00,m7,2022-07-11 13:15:42+10:00,,2r
978344,2022-07-11 13:16:16.469609+10:00,m6,2022-07-11 13:16:00+10:00,,1r
978463,2022-07-11 13:16:42.496949+10:00,m6,2022-07-11 13:16:20+10:00,,1r
978484,2022-07-11 13:16:46.522061+10:00,m7,2022-07-11 13:16:22+10:00,,2r
978553,2022-07-11 13:17:02.517631+10:00,m6,2022-07-11 13:16:41+10:00,,1r
978557,2022-07-11 13:17:02.533761+10:00,m7,2022-07-11 13:16:47+10:00,,2r
978607,2022-07-11 13:17:14.536840+10:00,m6,2022-07-11 13:17:01+10:00,,1r
978691,2022-07-11 13:17:32.577382+10:00,m7,2022-07-11 13:17:11+10:00,,2r
978724,2022-07-11 13:17:40.571626+10:00,m6,2022-07-11 13:17:23+10:00,,1r
978799,2022-07-11 13:17:56.597012+10:00,m7,2022-07-11 13:17:32+10:00,,2r
978775,2022-07-11 13:17:52.580470+10:00,m5,2022-07-11 13:17:34+10:00,,n
978720,2022-07-11 13:17:40.481798+10:00,hue0,2022-07-11 13:17:39+10:00,True,n
978859,2022-07-11 13:18:10.599076+10:00,m6,2022-07-11 13:17:45+10:00,,1r
978765,2022-07-11 13:17:50.494178+10:00,hue0,2022-07-11 13:17:49+10:00,False,n
1051109,2022-07-11 17:46:03.548819+10:00,m8,2022-07-11 13:17:50+10:00,,n
979784,2022-07-11 13:21:36.839312+10:00,m3,2022-07-11 13:17:51+10:00,,n
978801,2022-07-11 13:17:58.501568+10:00,hue0,2022-07-11 13:17:52+10:00,True,n
978872,2022-07-11 13:18:12.644922+10:00,m7,2022-07-11 13:17:56+10:00,,2r
979757,2022-07-11 13:21:30.871404+10:00,m5,2022-07-11 13:17:59+10:00,,n
979908,2022-07-11 13:22:04.768205+10:00,hue0,2022-07-11 13:18:02+10:00,False,n
978948,2022-07-11 13:18:30.624336+10:00,m6,2022-07-11 13:18:08+10:00,,1r
978923,2022-07-11 13:18:24.631151+10:00,m7,2022-07-11 13:18:22+10:00,,2r
979094,2022-07-11 13:19:02.675600+10:00,m6,2022-07-11 13:18:28+10:00,,1r
979070,2022-07-11 13:18:56.657572+10:00,m7,2022-07-11 13:18:42+10:00,,2r
979210,2022-07-11 13:19:28.688975+10:00,m6,2022-07-11 13:19:00+10:00,,1r
979186,2022-07-11 13:19:22.692658+10:00,m7,2022-07-11 13:19:02+10:00,,2r
979286,2022-07-11 13:19:44.745236+10:00,m7,2022-07-11 13:19:23+10:00,,2r
979364,2022-07-11 13:20:02.726521+10:00,m6,2022-07-11 13:19:39+10:00,,1r
979462,2022-07-11 13:20:24.821588+10:00,m7,2022-07-11 13:19:55+10:00,,2r
979425,2022-07-11 13:20:16.751986+10:00,m6,2022-07-11 13:20:00+10:00,,1r
979423,2022-07-11 13:20:16.743088+10:00,m1,2022-07-11 13:20:01+10:00,,1r
985112,2022-07-11 13:41:22.133021+10:00,m2,2022-07-11 13:20:03+10:00,,1r
979552,2022-07-11 13:20:44.791600+10:00,m6,2022-07-11 13:20:20+10:00,,1r
985347,2022-07-11 13:42:14.170513+10:00,m1,2022-07-11 13:20:21+10:00,,1r
979554,2022-07-11 13:20:44.806831+10:00,m7,2022-07-11 13:20:24+10:00,,2r
979624,2022-07-11 13:21:00.803955+10:00,m6,2022-07-11 13:20:42+10:00,,1r
979616,2022-07-11 13:20:58.809850+10:00,m7,2022-07-11 13:20:44+10:00,,2r
979734,2022-07-11 13:21:24.937216+10:00,m7,2022-07-11 13:21:04+10:00,,2r
980117,2022-07-11 13:22:50.918583+10:00,m6,2022-07-11 13:21:06+10:00,,1r
979826,2022-07-11 13:21:44.885249+10:00,m7,2022-07-11 13:21:25+10:00,,2r
979960,2022-07-11 13:22:14.903610+10:00,m7,2022-07-11 13:21:45+10:00,,2r
980029,2022-07-11 13:22:30.973511+10:00,m7,2022-07-11 13:22:15+10:00,,2r
980140,2022-07-11 13:22:54.939742+10:00,m7,2022-07-11 13:22:35+10:00,,2r
980308,2022-07-11 13:23:33.013139+10:00,m7,2022-07-11 13:22:56+10:00,,2r
980348,2022-07-11 13:23:40.999856+10:00,m6,2022-07-11 13:23:25+10:00,,1r
980451,2022-07-11 13:24:04.986112+10:00,m5,2022-07-11 13:23:26+10:00,,n
985502,2022-07-11 13:42:48.212418+10:00,m3,2022-07-11 13:23:29+10:00,,n
980367,2022-07-11 13:23:46.880847+10:00,hue0,2022-07-11 13:23:34+10:00,True,n
980507,2022-07-11 13:24:17.010810+10:00,m6,2022-07-11 13:23:46+10:00,,1r
980484,2022-07-11 13:24:12.910916+10:00,hue0,2022-07-11 13:23:47+10:00,False,n
980740,2022-07-11 13:25:09.066780+10:00,m7,2022-07-11 13:24:00+10:00,,2r
980587,2022-07-11 13:24:35.022680+10:00,m6,2022-07-11 13:24:15+10:00,,1r
985548,2022-07-11 13:42:58.228926+10:00,m5,2022-07-11 13:24:30+10:00,,n
980601,2022-07-11 13:24:38.939094+10:00,hue0,2022-07-11 13:24:31+10:00,True,n
985605,2022-07-11 13:43:12.142611+10:00,hue0,2022-07-11 13:24:41+10:00,False,n
980804,2022-07-11 13:25:23.074263+10:00,m6,2022-07-11 13:24:45+10:00,,1r
980951,2022-07-11 13:25:55.118839+10:00,m7,2022-07-11 13:25:37+10:00,,2r
980992,2022-07-11 13:26:05.109383+10:00,m6,2022-07-11 13:25:48+10:00,,1r
981085,2022-07-11 13:26:25.149767+10:00,m7,2022-07-11 13:26:05+10:00,,2r
981270,2022-07-11 13:27:07.184685+10:00,m6,2022-07-11 13:26:12+10:00,,1r
981174,2022-07-11 13:26:45.191198+10:00,m7,2022-07-11 13:26:25+10:00,,2r
981274,2022-07-11 13:27:07.201318+10:00,m7,2022-07-11 13:26:46+10:00,,2r
981356,2022-07-11 13:27:25.226558+10:00,m7,2022-07-11 13:27:06+10:00,,2r
981516,2022-07-11 13:28:01.256331+10:00,m7,2022-07-11 13:27:27+10:00,,2r
981513,2022-07-11 13:28:01.243352+10:00,m6,2022-07-11 13:27:44+10:00,,1r
981945,2022-07-11 13:29:37.345046+10:00,m6,2022-07-11 13:28:05+10:00,,1r
981706,2022-07-11 13:28:43.303028+10:00,m7,2022-07-11 13:28:22+10:00,,2r
981794,2022-07-11 13:29:03.327683+10:00,m7,2022-07-11 13:28:43+10:00,,2r
981896,2022-07-11 13:29:25.350192+10:00,m7,2022-07-11 13:29:04+10:00,,2r
982075,2022-07-11 13:30:05.399324+10:00,m7,2022-07-11 13:29:27+10:00,,2r
982225,2022-07-11 13:30:39.419804+10:00,m6,2022-07-11 13:30:08+10:00,,1r
982336,2022-07-11 13:31:03.457946+10:00,m7,2022-07-11 13:30:33+10:00,,2r
982459,2022-07-11 13:31:31.482457+10:00,m6,2022-07-11 13:30:59+10:00,,1r
982488,2022-07-11 13:31:37.502607+10:00,m7,2022-07-11 13:31:21+10:00,,2r
982616,2022-07-11 13:32:05.561001+10:00,m7,2022-07-11 13:31:46+10:00,,2r
982870,2022-07-11 13:33:03.593208+10:00,m6,2022-07-11 13:31:47+10:00,,1r
982714,2022-07-11 13:32:27.562019+10:00,m7,2022-07-11 13:32:06+10:00,,2r
982822,2022-07-11 13:32:51.592884+10:00,m7,2022-07-11 13:32:27+10:00,,2r
982948,2022-07-11 13:33:19.631419+10:00,m7,2022-07-11 13:32:51+10:00,,2r
983047,2022-07-11 13:33:41.651434+10:00,m7,2022-07-11 13:33:20+10:00,,2r
983089,2022-07-11 13:33:51.648504+10:00,m6,2022-07-11 13:33:32+10:00,,1r
983182,2022-07-11 13:34:11.684546+10:00,m7,2022-07-11 13:33:42+10:00,,2r
983216,2022-07-11 13:34:19.687267+10:00,m6,2022-07-11 13:33:55+10:00,,1r
983254,2022-07-11 13:34:27.702289+10:00,m7,2022-07-11 13:34:13+10:00,,2r
983358,2022-07-11 13:34:51.716431+10:00,m6,2022-07-11 13:34:29+10:00,,1r
983505,2022-07-11 13:35:23.768852+10:00,m7,2022-07-11 13:34:33+10:00,,2r
983503,2022-07-11 13:35:23.756887+10:00,m6,2022-07-11 13:34:49+10:00,,1r
983570,2022-07-11 13:35:37.820240+10:00,m7,2022-07-11 13:35:24+10:00,,2r
983594,2022-07-11 13:35:43.784722+10:00,m6,2022-07-11 13:35:24+10:00,,1r
983682,2022-07-11 13:36:03.818199+10:00,m7,2022-07-11 13:35:44+10:00,,2r
983683,2022-07-11 13:36:03.818998+10:00,m6,2022-07-11 13:35:48+10:00,,1r
983783,2022-07-11 13:36:25.837657+10:00,m7,2022-07-11 13:36:04+10:00,,2r
983829,2022-07-11 13:36:35.840825+10:00,m6,2022-07-11 13:36:15+10:00,,1r
983875,2022-07-11 13:36:45.862766+10:00,m7,2022-07-11 13:36:25+10:00,,2r
983845,2022-07-11 13:36:39.842111+10:00,m6,2022-07-11 13:36:35+10:00,,1r
983993,2022-07-11 13:37:11.879652+10:00,m7,2022-07-11 13:36:46+10:00,,2r
983996,2022-07-11 13:37:13.865891+10:00,m6,2022-07-11 13:36:56+10:00,,1r
984241,2022-07-11 13:38:07.921273+10:00,m6,2022-07-11 13:37:17+10:00,,1r
984172,2022-07-11 13:37:51.924573+10:00,m7,2022-07-11 13:37:31+10:00,,2r
984279,2022-07-11 13:38:15.943728+10:00,m7,2022-07-11 13:37:52+10:00,,2r
984323,2022-07-11 13:38:25.937572+10:00,m6,2022-07-11 13:38:06+10:00,,1r
984403,2022-07-11 13:38:43.957812+10:00,m6,2022-07-11 13:38:26+10:00,,1r
984460,2022-07-11 13:38:56.012230+10:00,m7,2022-07-11 13:38:34+10:00,,2r
984513,2022-07-11 13:39:07.988457+10:00,m6,2022-07-11 13:38:46+10:00,,1r
984568,2022-07-11 13:39:20.010112+10:00,m7,2022-07-11 13:38:55+10:00,,2r
984608,2022-07-11 13:39:30.005952+10:00,m6,2022-07-11 13:39:06+10:00,,1r
984629,2022-07-11 13:39:34.029755+10:00,m7,2022-07-11 13:39:21+10:00,,2r
984709,2022-07-11 13:39:52.030302+10:00,m6,2022-07-11 13:39:27+10:00,,1r
984740,2022-07-11 13:39:58.051742+10:00,m7,2022-07-11 13:39:42+10:00,,2r
984780,2022-07-11 13:40:08.047839+10:00,m6,2022-07-11 13:39:51+10:00,,1r
984863,2022-07-11 13:40:26.074863+10:00,m7,2022-07-11 13:40:05+10:00,,2r
984902,2022-07-11 13:40:34.099636+10:00,m6,2022-07-11 13:40:11+10:00,,1r
984965,2022-07-11 13:40:48.135842+10:00,m7,2022-07-11 13:40:28+10:00,,2r
984989,2022-07-11 13:40:54.096714+10:00,m6,2022-07-11 13:40:31+10:00,,1r
985025,2022-07-11 13:41:02.122958+10:00,m7,2022-07-11 13:40:48+10:00,,2r
985109,2022-07-11 13:41:20.158963+10:00,m6,2022-07-11 13:40:51+10:00,,1r
985161,2022-07-11 13:41:32.143104+10:00,m7,2022-07-11 13:41:09+10:00,,2r
985178,2022-07-11 13:41:36.136126+10:00,m6,2022-07-11 13:41:18+10:00,,1r
985550,2022-07-11 13:42:58.239631+10:00,m7,2022-07-11 13:41:33+10:00,,2r
985394,2022-07-11 13:42:24.223864+10:00,m6,2022-07-11 13:41:44+10:00,,1r
985744,2022-07-11 13:43:42.262829+10:00,m6,2022-07-11 13:42:25+10:00,,1r
985761,2022-07-11 13:43:46.319096+10:00,m7,2022-07-11 13:43:31+10:00,,2r
985883,2022-07-11 13:44:12.306742+10:00,m7,2022-07-11 13:43:51+10:00,,2r
986167,2022-07-11 13:45:16.355270+10:00,m6,2022-07-11 13:44:10+10:00,,1r
985988,2022-07-11 13:44:36.326956+10:00,m7,2022-07-11 13:44:11+10:00,,2r
986699,2022-07-11 13:47:14.508800+10:00,m7,2022-07-11 13:44:53+10:00,,2r
986365,2022-07-11 13:46:00.412039+10:00,m6,2022-07-11 13:45:36+10:00,,1r
986429,2022-07-11 13:46:14.426114+10:00,m6,2022-07-11 13:45:58+10:00,,1r
986635,2022-07-11 13:47:00.479875+10:00,m6,2022-07-11 13:46:18+10:00,,1r
986743,2022-07-11 13:47:24.505766+10:00,m6,2022-07-11 13:46:59+10:00,,1r
986823,2022-07-11 13:47:42.523993+10:00,m6,2022-07-11 13:47:21+10:00,,1r
987049,2022-07-11 13:48:32.576414+10:00,m6,2022-07-11 13:47:46+10:00,,1r
986989,2022-07-11 13:48:18.599332+10:00,m7,2022-07-11 13:48:05+10:00,,2r
987114,2022-07-11 13:48:46.677702+10:00,m7,2022-07-11 13:48:25+10:00,,2r
987179,2022-07-11 13:49:00.653420+10:00,m7,2022-07-11 13:48:45+10:00,,2r
987265,2022-07-11 13:49:20.639975+10:00,m6,2022-07-11 13:49:03+10:00,,1r
987215,2022-07-11 13:49:08.628694+10:00,m7,2022-07-11 13:49:07+10:00,,2r
987384,2022-07-11 13:49:46.681643+10:00,m7,2022-07-11 13:49:27+10:00,,2r
987491,2022-07-11 13:50:10.691298+10:00,m6,2022-07-11 13:49:27+10:00,,1r
987394,2022-07-11 13:49:48.711608+10:00,m7,2022-07-11 13:49:47+10:00,,2r
987562,2022-07-11 13:50:26.715811+10:00,m6,2022-07-11 13:50:08+10:00,,1r
987574,2022-07-11 13:50:28.726053+10:00,m7,2022-07-11 13:50:09+10:00,,2r
987664,2022-07-11 13:50:48.746088+10:00,m7,2022-07-11 13:50:29+10:00,,2r
987832,2022-07-11 13:51:26.772872+10:00,m6,2022-07-11 13:50:34+10:00,,1r
987752,2022-07-11 13:51:08.789121+10:00,m7,2022-07-11 13:50:49+10:00,,2r
987843,2022-07-11 13:51:28.788022+10:00,m7,2022-07-11 13:51:09+10:00,,2r
987942,2022-07-11 13:51:50.811751+10:00,m7,2022-07-11 13:51:30+10:00,,2r
987952,2022-07-11 13:51:52.860154+10:00,m7,2022-07-11 13:51:50+10:00,,2r
989443,2022-07-11 13:57:25.158386+10:00,m6,2022-07-11 13:52:05+10:00,,1r
988122,2022-07-11 13:52:30.856158+10:00,m7,2022-07-11 13:52:11+10:00,,2r
989521,2022-07-11 13:57:43.176506+10:00,m1,2022-07-11 13:52:12+10:00,,1r
989542,2022-07-11 13:57:47.194202+10:00,m2,2022-07-11 13:52:14+10:00,,1r
993638,2022-07-11 14:12:58.175306+10:00,m3,2022-07-11 13:52:20+10:00,,1r
989523,2022-07-11 13:57:43.190784+10:00,m5,2022-07-11 13:52:20+10:00,,1r
988107,2022-07-11 13:52:28.780567+10:00,hue0,2022-07-11 13:52:21+10:00,True,1r
993759,2022-07-11 14:13:26.117021+10:00,hue0,2022-07-11 13:52:31+10:00,False,1r
988222,2022-07-11 13:52:52.881760+10:00,m7,2022-07-11 13:52:32+10:00,,2r
988313,2022-07-11 13:53:12.922071+10:00,m7,2022-07-11 13:52:52+10:00,,2r
988321,2022-07-11 13:53:14.918313+10:00,m7,2022-07-11 13:53:12+10:00,,2r
988492,2022-07-11 13:53:52.941886+10:00,m7,2022-07-11 13:53:33+10:00,,2r
988599,2022-07-11 13:54:16.963566+10:00,m7,2022-07-11 13:53:53+10:00,,2r
988685,2022-07-11 13:54:36.994413+10:00,m7,2022-07-11 13:54:16+10:00,,2r
988772,2022-07-11 13:54:55.015885+10:00,m7,2022-07-11 13:54:36+10:00,,2r
988879,2022-07-11 13:55:19.049680+10:00,m7,2022-07-11 13:54:56+10:00,,2r
989005,2022-07-11 13:55:47.068891+10:00,m7,2022-07-11 13:55:26+10:00,,2r
989132,2022-07-11 13:56:15.136360+10:00,m7,2022-07-11 13:55:54+10:00,,2r
989230,2022-07-11 13:56:37.128949+10:00,m7,2022-07-11 13:56:16+10:00,,2r
989420,2022-07-11 13:57:19.198250+10:00,m7,2022-07-11 13:56:49+10:00,,2r
989616,2022-07-11 13:58:03.216106+10:00,m7,2022-07-11 13:57:38+10:00,,2r
989742,2022-07-11 13:58:31.286320+10:00,m7,2022-07-11 13:58:17+10:00,,2r
989877,2022-07-11 13:59:01.282457+10:00,m7,2022-07-11 13:58:37+10:00,,2r
990003,2022-07-11 13:59:29.323675+10:00,m7,2022-07-11 13:59:02+10:00,,2r
990095,2022-07-11 13:59:49.339642+10:00,m7,2022-07-11 13:59:29+10:00,,2r
990158,2022-07-11 14:00:03.438570+10:00,m7,2022-07-11 13:59:50+10:00,,2r
990275,2022-07-11 14:00:29.383775+10:00,m7,2022-07-11 14:00:10+10:00,,2r
994312,2022-07-11 14:15:28.328574+10:00,m5,2022-07-11 14:00:14+10:00,,1r
994333,2022-07-11 14:15:32.358689+10:00,m2,2022-07-11 14:00:21+10:00,,1r
994327,2022-07-11 14:15:32.333214+10:00,m1,2022-07-11 14:00:21+10:00,,1r
990399,2022-07-11 14:00:57.423820+10:00,m6,2022-07-11 14:00:22+10:00,,1r
990373,2022-07-11 14:00:51.406417+10:00,m7,2022-07-11 14:00:30+10:00,,2r
990435,2022-07-11 14:01:05.418525+10:00,m7,2022-07-11 14:00:51+10:00,,2r
990629,2022-07-11 14:01:49.460911+10:00,m6,2022-07-11 14:01:15+10:00,,1r
990563,2022-07-11 14:01:33.456911+10:00,m7,2022-07-11 14:01:18+10:00,,2r
990679,2022-07-11 14:01:59.494807+10:00,m7,2022-07-11 14:01:38+10:00,,2r
990761,2022-07-11 14:02:17.504739+10:00,m7,2022-07-11 14:01:59+10:00,,2r
991936,2022-07-11 14:06:39.786755+10:00,m6,2022-07-11 14:02:07+10:00,,1r
990851,2022-07-11 14:02:37.540773+10:00,m7,2022-07-11 14:02:19+10:00,,2r
990950,2022-07-11 14:02:59.560243+10:00,m7,2022-07-11 14:02:39+10:00,,2r
991012,2022-07-11 14:03:13.570735+10:00,m7,2022-07-11 14:02:59+10:00,,2r
991130,2022-07-11 14:03:39.596160+10:00,m7,2022-07-11 14:03:20+10:00,,2r
991228,2022-07-11 14:04:01.620364+10:00,m7,2022-07-11 14:03:40+10:00,,2r
991389,2022-07-11 14:04:37.654732+10:00,m7,2022-07-11 14:04:14+10:00,,2r
991543,2022-07-11 14:05:11.735354+10:00,m7,2022-07-11 14:04:46+10:00,,2r
991724,2022-07-11 14:05:51.746107+10:00,m7,2022-07-11 14:05:26+10:00,,2r
991885,2022-07-11 14:06:27.799120+10:00,m7,2022-07-11 14:05:52+10:00,,2r
992102,2022-07-11 14:07:15.833803+10:00,m7,2022-07-11 14:06:40+10:00,,2r
992280,2022-07-11 14:07:55.887090+10:00,m7,2022-07-11 14:07:41+10:00,,2r
992435,2022-07-11 14:08:29.947410+10:00,m7,2022-07-11 14:08:04+10:00,,2r
992577,2022-07-11 14:09:01.944023+10:00,m7,2022-07-11 14:08:30+10:00,,2r
992692,2022-07-11 14:09:27.967709+10:00,m6,2022-07-11 14:09:10+10:00,,1r
992750,2022-07-11 14:09:39.991154+10:00,m7,2022-07-11 14:09:19+10:00,,2r
993393,2022-07-11 14:12:04.113740+10:00,m6,2022-07-11 14:09:36+10:00,,1r
992839,2022-07-11 14:10:00.003806+10:00,m7,2022-07-11 14:09:39+10:00,,2r
992919,2022-07-11 14:10:18.038125+10:00,m7,2022-07-11 14:10:00+10:00,,2r
993001,2022-07-11 14:10:36.047786+10:00,m7,2022-07-11 14:10:25+10:00,,2r
993126,2022-07-11 14:11:04.061933+10:00,m7,2022-07-11 14:10:47+10:00,,2r
993307,2022-07-11 14:11:44.110735+10:00,m7,2022-07-11 14:11:10+10:00,,2r
993395,2022-07-11 14:12:04.125664+10:00,m7,2022-07-11 14:11:44+10:00,,2r
993613,2022-07-11 14:12:52.178273+10:00,m7,2022-07-11 14:12:16+10:00,,2r
993762,2022-07-11 14:13:26.201754+10:00,m6,2022-07-11 14:12:54+10:00,,1r
993946,2022-07-11 14:14:06.294381+10:00,m7,2022-07-11 14:13:15+10:00,,2r
993943,2022-07-11 14:14:06.277048+10:00,m6,2022-07-11 14:13:44+10:00,,1r
994807,2022-07-11 14:17:18.447463+10:00,m6,2022-07-11 14:14:04+10:00,,1r
994180,2022-07-11 14:14:58.335516+10:00,m7,2022-07-11 14:14:24+10:00,,2r
994424,2022-07-11 14:15:52.369831+10:00,m7,2022-07-11 14:15:20+10:00,,2r
994682,2022-07-11 14:16:50.428030+10:00,m7,2022-07-11 14:15:52+10:00,,2r
994972,2022-07-11 14:17:54.495657+10:00,m7,2022-07-11 14:17:13+10:00,,2r
995207,2022-07-11 14:18:46.631775+10:00,m7,2022-07-11 14:18:25+10:00,,2r
995351,2022-07-11 14:19:18.596314+10:00,m7,2022-07-11 14:18:46+10:00,,2r
995959,2022-07-11 14:21:34.725539+10:00,m6,2022-07-11 14:19:00+10:00,,1r
995414,2022-07-11 14:19:32.630580+10:00,m7,2022-07-11 14:19:18+10:00,,2r
995522,2022-07-11 14:19:56.637781+10:00,m7,2022-07-11 14:19:39+10:00,,2r
995618,2022-07-11 14:20:18.655652+10:00,m7,2022-07-11 14:19:59+10:00,,2r
995693,2022-07-11 14:20:34.708828+10:00,m7,2022-07-11 14:20:19+10:00,,2r
995810,2022-07-11 14:21:00.703930+10:00,m7,2022-07-11 14:20:40+10:00,,2r
995944,2022-07-11 14:21:30.730550+10:00,m7,2022-07-11 14:21:01+10:00,,2r
996158,2022-07-11 14:22:18.794594+10:00,m7,2022-07-11 14:21:48+10:00,,2r
996250,2022-07-11 14:22:38.800336+10:00,m7,2022-07-11 14:22:19+10:00,,2r
996312,2022-07-11 14:22:52.818657+10:00,m7,2022-07-11 14:22:39+10:00,,2r
996415,2022-07-11 14:23:16.835272+10:00,m6,2022-07-11 14:22:58+10:00,,1r
996433,2022-07-11 14:23:20.832233+10:00,m1,2022-07-11 14:22:59+10:00,,2r
996502,2022-07-11 14:23:34.859402+10:00,m7,2022-07-11 14:23:00+10:00,,2r
996496,2022-07-11 14:23:34.836992+10:00,m2,2022-07-11 14:23:00+10:00,,2r
996530,2022-07-11 14:23:40.889076+10:00,m5,2022-07-11 14:23:06+10:00,,2r
996536,2022-07-11 14:23:42.862331+10:00,m3,2022-07-11 14:23:07+10:00,,2r
996414,2022-07-11 14:23:16.740734+10:00,hue0,2022-07-11 14:23:07+10:00,True,2r
996450,2022-07-11 14:23:24.746891+10:00,hue0,2022-07-11 14:23:23+10:00,False,2r
996588,2022-07-11 14:23:54.868868+10:00,m6,2022-07-11 14:23:26+10:00,,1r
996513,2022-07-11 14:23:38.764587+10:00,hue0,2022-07-11 14:23:30+10:00,True,2r
1016342,2022-07-11 15:37:09.454465+10:00,m2,2022-07-11 14:23:32+10:00,,2r
996595,2022-07-11 14:23:56.861537+10:00,m1,2022-07-11 14:23:33+10:00,,2r
996601,2022-07-11 14:23:56.892123+10:00,m7,2022-07-11 14:23:36+10:00,,2r
996576,2022-07-11 14:23:52.776034+10:00,hue0,2022-07-11 14:23:40+10:00,False,
996664,2022-07-11 14:24:10.902303+10:00,m6,2022-07-11 14:23:52+10:00,,1r
997509,2022-07-11 14:27:19.108551+10:00,m1,2022-07-11 14:23:54+10:00,,2r
997511,2022-07-11 14:27:19.161878+10:00,m7,2022-07-11 14:23:56+10:00,,2r
1002126,2022-07-11 14:44:26.130449+10:00,m3,2022-07-11 14:24:01+10:00,,2r
997266,2022-07-11 14:26:25.049096+10:00,m5,2022-07-11 14:24:02+10:00,,2r
996621,2022-07-11 14:24:02.798124+10:00,hue0,2022-07-11 14:24:03+10:00,True,2r
997305,2022-07-11 14:26:34.939913+10:00,hue0,2022-07-11 14:24:13+10:00,False,2r
997254,2022-07-11 14:26:23.022313+10:00,m6,2022-07-11 14:24:15+10:00,,1r
997758,2022-07-11 14:28:15.127891+10:00,m6,2022-07-11 14:27:07+10:00,,1r
997813,2022-07-11 14:28:27.150296+10:00,m5,2022-07-11 14:27:42+10:00,,n
997665,2022-07-11 14:27:55.024526+10:00,hue0,2022-07-11 14:27:48+10:00,True,n
997683,2022-07-11 14:27:59.025527+10:00,hue0,2022-07-11 14:27:58+10:00,False,n
997809,2022-07-11 14:28:27.057844+10:00,hue0,2022-07-11 14:28:19+10:00,True,n
997980,2022-07-11 14:29:05.093009+10:00,hue0,2022-07-11 14:28:29+10:00,False,n
998057,2022-07-11 14:29:21.197278+10:00,m5,2022-07-11 14:28:59+10:00,,2r
998053,2022-07-11 14:29:21.186335+10:00,m1,2022-07-11 14:29:05+10:00,,2r
998074,2022-07-11 14:29:25.198905+10:00,m6,2022-07-11 14:29:06+10:00,,1r
1015510,2022-07-11 15:34:03.269901+10:00,m7,2022-07-11 14:29:07+10:00,,1r
1016800,2022-07-11 15:38:51.564116+10:00,m1,2022-07-11 14:29:25+10:00,,2r
1001825,2022-07-11 14:43:20.072746+10:00,m5,2022-07-11 14:29:31+10:00,,2r
998142,2022-07-11 14:29:41.133824+10:00,hue0,2022-07-11 14:29:32+10:00,True,2r
998308,2022-07-11 14:30:17.263125+10:00,m6,2022-07-11 14:29:33+10:00,,1r
1001823,2022-07-11 14:43:19.975676+10:00,hue0,2022-07-11 14:29:42+10:00,False,2r
999866,2022-07-11 14:36:03.629923+10:00,m6,2022-07-11 14:30:44+10:00,,1r
1000774,2022-07-11 14:39:25.832897+10:00,m6,2022-07-11 14:38:59+10:00,,1r
1000976,2022-07-11 14:40:09.914412+10:00,m6,2022-07-11 14:39:42+10:00,,1r
1001673,2022-07-11 14:42:46.035907+10:00,m6,2022-07-11 14:40:08+10:00,,1r
1002106,2022-07-11 14:44:22.124037+10:00,m6,2022-07-11 14:44:06+10:00,,1r
1002908,2022-07-11 14:47:20.331375+10:00,m6,2022-07-11 14:44:28+10:00,,1r
1003546,2022-07-11 14:49:42.444351+10:00,m6,2022-07-11 14:48:47+10:00,,1r
1004088,2022-07-11 14:51:42.582249+10:00,m6,2022-07-11 14:49:58+10:00,,1r
1004538,2022-07-11 14:53:22.712648+10:00,m5,2022-07-11 14:50:18+10:00,,n
1003740,2022-07-11 14:50:26.412559+10:00,hue0,2022-07-11 14:50:19+10:00,True,n
1004424,2022-07-11 14:52:58.583458+10:00,hue0,2022-07-11 14:50:28+10:00,False,n
1004394,2022-07-11 14:52:50.668219+10:00,m6,2022-07-11 14:52:21+10:00,,1r
1004860,2022-07-11 14:54:34.776921+10:00,m6,2022-07-11 14:53:05+10:00,,1r
1004847,2022-07-11 14:54:32.693730+10:00,hue0,2022-07-11 14:54:21+10:00,True,n
1013169,2022-07-11 15:25:22.718473+10:00,m3,2022-07-11 14:54:25+10:00,,n
1005544,2022-07-11 14:57:06.930249+10:00,m5,2022-07-11 14:54:26+10:00,,n
1005387,2022-07-11 14:56:32.814611+10:00,hue0,2022-07-11 14:54:35+10:00,False,n
1005139,2022-07-11 14:55:36.843461+10:00,m6,2022-07-11 14:55:17+10:00,,1r
1005318,2022-07-11 14:56:16.882234+10:00,m6,2022-07-11 14:55:44+10:00,,1r
1005446,2022-07-11 14:56:44.917240+10:00,m6,2022-07-11 14:56:15+10:00,,1r
1005868,2022-07-11 14:58:19.010969+10:00,m6,2022-07-11 14:57:02+10:00,,1r
1006372,2022-07-11 15:00:11.116215+10:00,m5,2022-07-11 14:58:06+10:00,,n
1005882,2022-07-11 14:58:22.943678+10:00,hue0,2022-07-11 14:58:15+10:00,True,n
1006341,2022-07-11 15:00:05.029123+10:00,hue0,2022-07-11 14:58:25+10:00,False,n
1007209,2022-07-11 15:03:17.315924+10:00,m6,2022-07-11 14:58:44+10:00,,1r
1007587,2022-07-11 15:04:41.404335+10:00,m5,2022-07-11 15:00:55+10:00,,n
1006629,2022-07-11 15:01:09.096032+10:00,hue0,2022-07-11 15:01:01+10:00,True,n
1013370,2022-07-11 15:26:08.680843+10:00,hue0,2022-07-11 15:01:11+10:00,False,n
1007964,2022-07-11 15:06:05.508060+10:00,m6,2022-07-11 15:05:23+10:00,,1r
1008299,2022-07-11 15:07:19.600050+10:00,m5,2022-07-11 15:05:57+10:00,,n
1008180,2022-07-11 15:06:53.561204+10:00,m6,2022-07-11 15:06:31+10:00,,1r
1008271,2022-07-11 15:07:13.577009+10:00,m6,2022-07-11 15:06:51+10:00,,1r
1008370,2022-07-11 15:07:35.613482+10:00,m6,2022-07-11 15:07:12+10:00,,1r
1008641,2022-07-11 15:08:35.679499+10:00,m6,2022-07-11 15:07:33+10:00,,1r
1013976,2022-07-11 15:28:22.908176+10:00,m5,2022-07-11 15:07:50+10:00,,n
1008922,2022-07-11 15:09:37.756593+10:00,m6,2022-07-11 15:08:54+10:00,,1r
1009171,2022-07-11 15:10:33.803921+10:00,m6,2022-07-11 15:10:07+10:00,,1r
1009413,2022-07-11 15:11:27.851633+10:00,m6,2022-07-11 15:10:45+10:00,,1r
1009810,2022-07-11 15:12:55.949821+10:00,m6,2022-07-11 15:11:26+10:00,,1r
1010143,2022-07-11 15:14:10.012995+10:00,m6,2022-07-11 15:13:28+10:00,,1r
1010323,2022-07-11 15:14:50.053726+10:00,m6,2022-07-11 15:14:24+10:00,,1r
1010660,2022-07-11 15:16:04.240807+10:00,m6,2022-07-11 15:15:05+10:00,,1r
1010827,2022-07-11 15:16:42.174310+10:00,m6,2022-07-11 15:16:22+10:00,,1r
1011636,2022-07-11 15:19:42.349808+10:00,m6,2022-07-11 15:16:50+10:00,,1r
1012150,2022-07-11 15:21:36.463313+10:00,m6,2022-07-11 15:21:10+10:00,,1r
1012332,2022-07-11 15:22:16.516321+10:00,m6,2022-07-11 15:21:49+10:00,,1r
1012428,2022-07-11 15:22:38.534175+10:00,m6,2022-07-11 15:22:14+10:00,,1r
1012613,2022-07-11 15:23:18.612808+10:00,m6,2022-07-11 15:22:52+10:00,,1r
1012780,2022-07-11 15:23:56.621720+10:00,m6,2022-07-11 15:23:31+10:00,,1r
1013140,2022-07-11 15:25:16.705445+10:00,m6,2022-07-11 15:24:09+10:00,,1r
1013464,2022-07-11 15:26:28.799769+10:00,m6,2022-07-11 15:26:12+10:00,,1r
1013554,2022-07-11 15:26:48.812917+10:00,m6,2022-07-11 15:26:33+10:00,,1r
1013779,2022-07-11 15:27:38.869254+10:00,m6,2022-07-11 15:26:54+10:00,,1r
1013968,2022-07-11 15:28:20.906555+10:00,m6,2022-07-11 15:28:04+10:00,,1r
1014152,2022-07-11 15:29:00.971536+10:00,m6,2022-07-11 15:28:25+10:00,,1r
1014346,2022-07-11 15:29:44.993656+10:00,m6,2022-07-11 15:29:22+10:00,,1r
1014524,2022-07-11 15:30:25.046071+10:00,m6,2022-07-11 15:29:53+10:00,,1r
1014818,2022-07-11 15:31:29.137686+10:00,m6,2022-07-11 15:30:25+10:00,,1r
1015004,2022-07-11 15:32:11.147969+10:00,m6,2022-07-11 15:31:52+10:00,,1r
1015121,2022-07-11 15:32:37.165012+10:00,m6,2022-07-11 15:32:17+10:00,,1r
1015562,2022-07-11 15:34:15.274950+10:00,m6,2022-07-11 15:32:37+10:00,,1r
1015939,2022-07-11 15:35:39.362135+10:00,m6,2022-07-11 15:34:50+10:00,,1r
1016083,2022-07-11 15:36:11.395537+10:00,m6,2022-07-11 15:35:53+10:00,,1r
1016543,2022-07-11 15:37:53.518821+10:00,m6,2022-07-11 15:36:15+10:00,,1r
1017125,2022-07-11 15:40:03.666189+10:00,m5,2022-07-11 15:38:21+10:00,,n
1016947,2022-07-11 15:39:23.609402+10:00,m6,2022-07-11 15:38:24+10:00,,1r
1016736,2022-07-11 15:38:37.470479+10:00,hue0,2022-07-11 15:38:28+10:00,True,n
1017033,2022-07-11 15:39:43.553554+10:00,hue0,2022-07-11 15:38:38+10:00,False,n
1017128,2022-07-11 15:40:03.678195+10:00,m6,2022-07-11 15:39:42+10:00,,1r
1017305,2022-07-11 15:40:43.709968+10:00,m6,2022-07-11 15:40:16+10:00,,1r
1019144,2022-07-11 15:47:32.138761+10:00,m3,2022-07-11 15:40:39+10:00,,n
1019099,2022-07-11 15:47:22.120049+10:00,m5,2022-07-11 15:40:40+10:00,,n
1017321,2022-07-11 15:40:47.630529+10:00,hue0,2022-07-11 15:40:40+10:00,True,n
1019031,2022-07-11 15:47:08.019776+10:00,hue0,2022-07-11 15:40:50+10:00,False,n
1017469,2022-07-11 15:41:19.749909+10:00,m6,2022-07-11 15:40:55+10:00,,1r
1017604,2022-07-11 15:41:49.781059+10:00,m6,2022-07-11 15:41:31+10:00,,1r
1017721,2022-07-11 15:42:15.819479+10:00,m6,2022-07-11 15:41:56+10:00,,1r
1017848,2022-07-11 15:42:43.834035+10:00,m6,2022-07-11 15:42:16+10:00,,1r
1018030,2022-07-11 15:43:23.886512+10:00,m6,2022-07-11 15:42:51+10:00,,1r
1018187,2022-07-11 15:43:59.911761+10:00,m6,2022-07-11 15:43:22+10:00,,1r
1018308,2022-07-11 15:44:25.939852+10:00,m6,2022-07-11 15:43:57+10:00,,1r
1018828,2022-07-11 15:46:22.056876+10:00,m6,2022-07-11 15:44:26+10:00,,1r
1019153,2022-07-11 15:47:34.134838+10:00,m6,2022-07-11 15:47:03+10:00,,1r
1019656,2022-07-11 15:49:26.248863+10:00,m6,2022-07-11 15:47:50+10:00,,1r
1019900,2022-07-11 15:50:20.304122+10:00,m6,2022-07-11 15:49:58+10:00,,1r
1020006,2022-07-11 15:50:44.334159+10:00,m6,2022-07-11 15:50:18+10:00,,1r
1024192,2022-07-11 16:06:15.314721+10:00,m3,2022-07-11 15:50:38+10:00,,n
1020510,2022-07-11 15:52:36.440742+10:00,m5,2022-07-11 15:50:39+10:00,,n
1020012,2022-07-11 15:50:46.240099+10:00,hue0,2022-07-11 15:50:39+10:00,True,n
1024278,2022-07-11 16:06:35.239354+10:00,hue0,2022-07-11 15:50:49+10:00,False,n
1020223,2022-07-11 15:51:32.382990+10:00,m6,2022-07-11 15:50:56+10:00,,1r
1020322,2022-07-11 15:51:54.393372+10:00,m6,2022-07-11 15:51:29+10:00,,1r
1020422,2022-07-11 15:52:16.422496+10:00,m6,2022-07-11 15:51:53+10:00,,1r
1020620,2022-07-11 15:53:00.463300+10:00,m6,2022-07-11 15:52:29+10:00,,1r
1020754,2022-07-11 15:53:30.497761+10:00,m6,2022-07-11 15:52:59+10:00,,1r
1024370,2022-07-11 16:06:55.344475+10:00,m5,2022-07-11 15:53:12+10:00,,n
1020852,2022-07-11 15:53:52.548145+10:00,m6,2022-07-11 15:53:29+10:00,,1r
1020944,2022-07-11 15:54:12.539671+10:00,m6,2022-07-11 15:53:50+10:00,,1r
1021015,2022-07-11 15:54:28.565950+10:00,m6,2022-07-11 15:54:10+10:00,,1r
1021221,2022-07-11 15:55:14.594559+10:00,m6,2022-07-11 15:54:36+10:00,,1r
1021460,2022-07-11 15:56:06.672591+10:00,m6,2022-07-11 15:55:35+10:00,,1r
1021591,2022-07-11 15:56:36.733002+10:00,m6,2022-07-11 15:56:21+10:00,,1r
1021763,2022-07-11 15:57:14.730547+10:00,m6,2022-07-11 15:56:41+10:00,,1r
1021915,2022-07-11 15:57:48.791927+10:00,m6,2022-07-11 15:57:13+10:00,,1r
1022074,2022-07-11 15:58:24.829866+10:00,m6,2022-07-11 15:58:08+10:00,,1r
1022450,2022-07-11 15:59:46.916765+10:00,m6,2022-07-11 15:58:28+10:00,,1r
1022517,2022-07-11 16:00:02.906435+10:00,m6,2022-07-11 15:59:44+10:00,,1r
1022700,2022-07-11 16:00:42.954341+10:00,m6,2022-07-11 16:00:07+10:00,,1r
1022879,2022-07-11 16:01:22.990645+10:00,m6,2022-07-11 16:00:41+10:00,,1r
1023364,2022-07-11 16:03:11.108206+10:00,m6,2022-07-11 16:01:51+10:00,,1r
1023606,2022-07-11 16:04:05.167806+10:00,m6,2022-07-11 16:03:39+10:00,,1r
1023823,2022-07-11 16:04:53.220952+10:00,m6,2022-07-11 16:04:19+10:00,,1r
1024003,2022-07-11 16:05:33.257648+10:00,m6,2022-07-11 16:05:12+10:00,,1r
1024138,2022-07-11 16:06:03.291425+10:00,m6,2022-07-11 16:05:44+10:00,,1r
1024326,2022-07-11 16:06:45.348992+10:00,m6,2022-07-11 16:06:14+10:00,,1r
1025167,2022-07-11 16:09:51.557639+10:00,m7,2022-07-11 16:06:30+10:00,,1r
1024403,2022-07-11 16:07:01.383496+10:00,m6,2022-07-11 16:06:43+10:00,,1r
1024651,2022-07-11 16:07:57.422885+10:00,m6,2022-07-11 16:07:04+10:00,,1r
1025202,2022-07-11 16:09:59.571115+10:00,m6,2022-07-11 16:08:39+10:00,,1r
1025425,2022-07-11 16:10:49.616081+10:00,m6,2022-07-11 16:10:26+10:00,,1r
1025570,2022-07-11 16:11:21.649592+10:00,m6,2022-07-11 16:10:47+10:00,,1r
1025757,2022-07-11 16:12:03.696622+10:00,m6,2022-07-11 16:11:41+10:00,,1r
1026050,2022-07-11 16:13:07.789166+10:00,m7,2022-07-11 16:11:44+10:00,,1r
1026081,2022-07-11 16:13:15.787948+10:00,m6,2022-07-11 16:12:16+10:00,,1r
1026938,2022-07-11 16:16:25.983769+10:00,m6,2022-07-11 16:13:37+10:00,,1r
1026977,2022-07-11 16:16:34.016037+10:00,m7,2022-07-11 16:13:40+10:00,,1r
1027033,2022-07-11 16:16:47.999116+10:00,m1,2022-07-11 16:13:48+10:00,,1r
1027052,2022-07-11 16:16:52.006240+10:00,m2,2022-07-11 16:13:50+10:00,,1r
1030269,2022-07-11 16:28:46.815909+10:00,m3,2022-07-11 16:13:56+10:00,,1r
1027036,2022-07-11 16:16:48.009813+10:00,m5,2022-07-11 16:13:56+10:00,,1r
1026303,2022-07-11 16:14:05.754251+10:00,hue0,2022-07-11 16:13:56+10:00,True,1r
1027059,2022-07-11 16:16:53.933313+10:00,hue0,2022-07-11 16:14:10+10:00,False,1r
1030584,2022-07-11 16:29:56.897341+10:00,m5,2022-07-11 16:17:45+10:00,,1r
1027356,2022-07-11 16:17:59.998181+10:00,hue0,2022-07-11 16:17:52+10:00,True,1r
1030518,2022-07-11 16:29:42.860758+10:00,m2,2022-07-11 16:17:53+10:00,,1r
1030543,2022-07-11 16:29:48.864733+10:00,m1,2022-07-11 16:17:54+10:00,,1r
1028151,2022-07-11 16:20:56.278535+10:00,m6,2022-07-11 16:17:54+10:00,,1r
1030559,2022-07-11 16:29:50.891750+10:00,m7,2022-07-11 16:17:57+10:00,,1r
1030686,2022-07-11 16:30:20.824958+10:00,hue0,2022-07-11 16:18:02+10:00,False,1r
1028656,2022-07-11 16:22:48.397937+10:00,m6,2022-07-11 16:22:26+10:00,,1r
1028963,2022-07-11 16:23:56.475130+10:00,m6,2022-07-11 16:22:47+10:00,,1r
1029214,2022-07-11 16:24:52.553324+10:00,m6,2022-07-11 16:24:16+10:00,,1r
1029889,2022-07-11 16:27:22.719897+10:00,m6,2022-07-11 16:25:13+10:00,,1r
1030824,2022-07-11 16:30:50.945189+10:00,m6,2022-07-11 16:28:24+10:00,,1r
1031247,2022-07-11 16:32:25.043628+10:00,m6,2022-07-11 16:32:03+10:00,,1r
1031471,2022-07-11 16:33:15.099999+10:00,m6,2022-07-11 16:32:23+10:00,,1r
1031789,2022-07-11 16:34:25.170002+10:00,m6,2022-07-11 16:33:50+10:00,,1r
1032508,2022-07-11 16:37:05.350363+10:00,m6,2022-07-11 16:34:46+10:00,,1r
1032194,2022-07-11 16:35:55.276085+10:00,m3,2022-07-11 16:35:34+10:00,,2r
1032193,2022-07-11 16:35:55.271633+10:00,m5,2022-07-11 16:35:34+10:00,,2r
1033522,2022-07-11 16:40:51.586011+10:00,m1,2022-07-11 16:35:40+10:00,,2r
1033514,2022-07-11 16:40:49.588935+10:00,m2,2022-07-11 16:35:40+10:00,,2r
1033456,2022-07-11 16:40:35.590484+10:00,m7,2022-07-11 16:35:43+10:00,,1r
1033860,2022-07-11 16:42:05.681088+10:00,m3,2022-07-11 16:36:02+10:00,,2r
1033500,2022-07-11 16:40:45.610703+10:00,m5,2022-07-11 16:36:03+10:00,,2r
1032234,2022-07-11 16:36:05.229799+10:00,hue0,2022-07-11 16:36:04+10:00,True,2r
1033503,2022-07-11 16:40:47.503202+10:00,hue0,2022-07-11 16:36:14+10:00,False,2r
1033389,2022-07-11 16:40:21.558782+10:00,m6,2022-07-11 16:38:15+10:00,,1r
1033907,2022-07-11 16:42:15.736710+10:00,m6,2022-07-11 16:41:26+10:00,,1r
1034001,2022-07-11 16:42:37.708140+10:00,m6,2022-07-11 16:42:14+10:00,,1r
1034128,2022-07-11 16:43:05.741590+10:00,m6,2022-07-11 16:42:35+10:00,,1r
1034254,2022-07-11 16:43:33.771970+10:00,m5,2022-07-11 16:42:56+10:00,,2r
1034106,2022-07-11 16:43:01.645051+10:00,hue0,2022-07-11 16:43:01+10:00,True,2r
1034214,2022-07-11 16:43:25.672711+10:00,hue0,2022-07-11 16:43:11+10:00,False,2r
1050533,2022-07-11 17:43:55.411391+10:00,m2,2022-07-11 16:43:11+10:00,,2r
1050532,2022-07-11 17:43:55.404265+10:00,m1,2022-07-11 16:43:11+10:00,,2r
1045399,2022-07-11 17:24:52.273142+10:00,m7,2022-07-11 16:43:14+10:00,,1r
1034290,2022-07-11 16:43:41.771357+10:00,m6,2022-07-11 16:43:26+10:00,,1r
1034524,2022-07-11 16:44:33.821163+10:00,m5,2022-07-11 16:43:31+10:00,,2r
1034286,2022-07-11 16:43:41.688347+10:00,hue0,2022-07-11 16:43:33+10:00,True,2r
1034529,2022-07-11 16:44:35.734268+10:00,hue0,2022-07-11 16:43:43+10:00,False,2r
1034525,2022-07-11 16:44:33.822671+10:00,m6,2022-07-11 16:43:46+10:00,,1r
1035101,2022-07-11 16:46:41.968169+10:00,m6,2022-07-11 16:44:32+10:00,,1r
1037242,2022-07-11 16:54:38.427574+10:00,m5,2022-07-11 16:44:53+10:00,,n
1037334,2022-07-11 16:54:58.453029+10:00,m3,2022-07-11 16:44:53+10:00,,n
1034646,2022-07-11 16:45:01.759353+10:00,hue0,2022-07-11 16:44:54+10:00,True,n
1037265,2022-07-11 16:54:44.342736+10:00,hue0,2022-07-11 16:45:04+10:00,False,n
1035686,2022-07-11 16:48:52.080701+10:00,m6,2022-07-11 16:47:49+10:00,,1r
1035856,2022-07-11 16:49:30.116668+10:00,m6,2022-07-11 16:49:12+10:00,,1r
1036306,2022-07-11 16:51:10.212374+10:00,m6,2022-07-11 16:49:34+10:00,,1r
1036657,2022-07-11 16:52:28.297136+10:00,m6,2022-07-11 16:51:43+10:00,,1r
1037045,2022-07-11 16:53:54.378883+10:00,m6,2022-07-11 16:52:40+10:00,,1r
1037665,2022-07-11 16:56:12.532939+10:00,m6,2022-07-11 16:54:17+10:00,,1r
1038078,2022-07-11 16:57:44.630228+10:00,m6,2022-07-11 16:56:11+10:00,,1r
1039366,2022-07-11 17:02:30.926218+10:00,m6,2022-07-11 16:58:32+10:00,,1r
1040446,2022-07-11 17:06:31.140297+10:00,m5,2022-07-11 16:59:31+10:00,,n
1059266,2022-07-11 18:16:17.454970+10:00,m3,2022-07-11 16:59:35+10:00,,n
1038624,2022-07-11 16:59:46.681172+10:00,hue0,2022-07-11 16:59:39+10:00,True,n
1040379,2022-07-11 17:06:17.043293+10:00,hue0,2022-07-11 16:59:49+10:00,False,n
1040015,2022-07-11 17:04:55.049051+10:00,m6,2022-07-11 17:04:38+10:00,,1r
1040141,2022-07-11 17:05:23.075836+10:00,m6,2022-07-11 17:04:59+10:00,,1r
1040213,2022-07-11 17:05:39.087209+10:00,m6,2022-07-11 17:05:22+10:00,,1r
1040494,2022-07-11 17:06:41.183789+10:00,m6,2022-07-11 17:05:42+10:00,,1r
1040645,2022-07-11 17:07:15.182670+10:00,m6,2022-07-11 17:06:39+10:00,,1r
1040817,2022-07-11 17:07:53.242543+10:00,m6,2022-07-11 17:07:12+10:00,,1r
1041419,2022-07-11 17:10:07.352066+10:00,m6,2022-07-11 17:08:17+10:00,,1r
1052982,2022-07-11 17:52:59.996584+10:00,m5,2022-07-11 17:10:01+10:00,,n
1041423,2022-07-11 17:10:09.268256+10:00,hue0,2022-07-11 17:10:01+10:00,True,n
1052979,2022-07-11 17:52:59.914238+10:00,hue0,2022-07-11 17:10:11+10:00,False,n
1041697,2022-07-11 17:11:09.406817+10:00,m6,2022-07-11 17:10:43+10:00,,1r
1041761,2022-07-11 17:11:23.436187+10:00,m6,2022-07-11 17:11:08+10:00,,1r
1041968,2022-07-11 17:12:09.465482+10:00,m6,2022-07-11 17:11:29+10:00,,1r
1042210,2022-07-11 17:13:03.522472+10:00,m6,2022-07-11 17:12:32+10:00,,1r
1042462,2022-07-11 17:13:59.580252+10:00,m6,2022-07-11 17:13:21+10:00,,1r
1042598,2022-07-11 17:14:29.612150+10:00,m6,2022-07-11 17:14:11+10:00,,1r
1042742,2022-07-11 17:15:01.651756+10:00,m6,2022-07-11 17:14:36+10:00,,1r
1042823,2022-07-11 17:15:19.671527+10:00,m6,2022-07-11 17:15:00+10:00,,1r
1042958,2022-07-11 17:15:49.708918+10:00,m6,2022-07-11 17:15:27+10:00,,1r
1043254,2022-07-11 17:16:55.786283+10:00,m6,2022-07-11 17:15:48+10:00,,1r
1043938,2022-07-11 17:19:27.929906+10:00,m6,2022-07-11 17:17:16+10:00,,1r
1044298,2022-07-11 17:20:48.009962+10:00,m6,2022-07-11 17:20:32+10:00,,1r
1044469,2022-07-11 17:21:26.058229+10:00,m6,2022-07-11 17:20:53+10:00,,1r
1044612,2022-07-11 17:21:58.094263+10:00,m6,2022-07-11 17:21:23+10:00,,1r
1044782,2022-07-11 17:22:36.125026+10:00,m6,2022-07-11 17:22:17+10:00,,1r
1044963,2022-07-11 17:23:16.168652+10:00,m6,2022-07-11 17:22:41+10:00,,1r
1045307,2022-07-11 17:24:32.250876+10:00,m6,2022-07-11 17:23:40+10:00,,1r
1045442,2022-07-11 17:25:02.269048+10:00,m6,2022-07-11 17:24:46+10:00,,1r
1045596,2022-07-11 17:25:36.308258+10:00,m6,2022-07-11 17:25:07+10:00,,1r
1045746,2022-07-11 17:26:10.347123+10:00,m6,2022-07-11 17:25:35+10:00,,1r
1045954,2022-07-11 17:26:56.383223+10:00,m6,2022-07-11 17:26:33+10:00,,1r
1047252,2022-07-11 17:31:44.688287+10:00,m6,2022-07-11 17:27:09+10:00,,1r
1047925,2022-07-11 17:34:14.830345+10:00,m6,2022-07-11 17:33:50+10:00,,1r
1047998,2022-07-11 17:34:30.860276+10:00,m6,2022-07-11 17:34:13+10:00,,1r
1048106,2022-07-11 17:34:54.869010+10:00,m6,2022-07-11 17:34:33+10:00,,1r
1048268,2022-07-11 17:35:30.907154+10:00,m6,2022-07-11 17:34:54+10:00,,1r
1048537,2022-07-11 17:36:30.966190+10:00,m6,2022-07-11 17:35:48+10:00,,1r
1048852,2022-07-11 17:37:41.031658+10:00,m6,2022-07-11 17:36:41+10:00,,1r
1049059,2022-07-11 17:38:27.093096+10:00,m6,2022-07-11 17:38:00+10:00,,1r
1049212,2022-07-11 17:39:01.118848+10:00,m6,2022-07-11 17:38:34+10:00,,1r
1049401,2022-07-11 17:39:43.161120+10:00,m6,2022-07-11 17:39:00+10:00,,1r
1049798,2022-07-11 17:41:11.260959+10:00,m6,2022-07-11 17:40:11+10:00,,1r
1050042,2022-07-11 17:42:05.324858+10:00,m6,2022-07-11 17:41:31+10:00,,1r
1050104,2022-07-11 17:42:19.318369+10:00,m6,2022-07-11 17:42:03+10:00,,1r
1050292,2022-07-11 17:43:01.359744+10:00,m6,2022-07-11 17:42:24+10:00,,1r
1050680,2022-07-11 17:44:27.453584+10:00,m6,2022-07-11 17:42:58+10:00,,1r
1050921,2022-07-11 17:45:21.516853+10:00,m6,2022-07-11 17:45:00+10:00,,1r
1055710,2022-07-11 18:03:06.634310+10:00,m7,2022-07-11 17:45:23+10:00,,1r
1051093,2022-07-11 17:45:59.561168+10:00,m6,2022-07-11 17:45:31+10:00,,1r
1051563,2022-07-11 17:47:43.674967+10:00,m6,2022-07-11 17:46:11+10:00,,1r
1051795,2022-07-11 17:48:35.731110+10:00,m6,2022-07-11 17:48:13+10:00,,1r
1051958,2022-07-11 17:49:11.768551+10:00,m6,2022-07-11 17:48:43+10:00,,1r
1052020,2022-07-11 17:49:25.797016+10:00,m6,2022-07-11 17:49:09+10:00,,1r
1052723,2022-07-11 17:52:01.946961+10:00,m6,2022-07-11 17:49:31+10:00,,1r
1053189,2022-07-11 17:53:46.049857+10:00,m6,2022-07-11 17:53:21+10:00,,1r
1053361,2022-07-11 17:54:24.089222+10:00,m6,2022-07-11 17:54:00+10:00,,1r
1053497,2022-07-11 17:54:54.124019+10:00,m6,2022-07-11 17:54:35+10:00,,1r
1053613,2022-07-11 17:55:20.153902+10:00,m6,2022-07-11 17:54:57+10:00,,1r
1053720,2022-07-11 17:55:44.171722+10:00,m6,2022-07-11 17:55:18+10:00,,1r
1053929,2022-07-11 17:56:30.219106+10:00,m6,2022-07-11 17:55:57+10:00,,1r
1053992,2022-07-11 17:56:44.242504+10:00,m6,2022-07-11 17:56:28+10:00,,1r
1054208,2022-07-11 17:57:32.276223+10:00,m6,2022-07-11 17:56:48+10:00,,1r
1054432,2022-07-11 17:58:22.329344+10:00,m6,2022-07-11 17:58:00+10:00,,1r
1054639,2022-07-11 17:59:08.371777+10:00,m6,2022-07-11 17:58:35+10:00,,1r
1054720,2022-07-11 17:59:26.395723+10:00,m6,2022-07-11 17:59:06+10:00,,1r
1055277,2022-07-11 18:01:30.516208+10:00,m6,2022-07-11 17:59:34+10:00,,1r
1055800,2022-07-11 18:03:26.639374+10:00,m6,2022-07-11 18:02:10+10:00,,1r
1056006,2022-07-11 18:04:12.688989+10:00,m6,2022-07-11 18:03:52+10:00,,1r
1056143,2022-07-11 18:04:42.766222+10:00,m6,2022-07-11 18:04:19+10:00,,1r
1056358,2022-07-11 18:05:30.773943+10:00,m6,2022-07-11 18:04:48+10:00,,1r
1056530,2022-07-11 18:06:08.831854+10:00,m6,2022-07-11 18:05:40+10:00,,1r
1056746,2022-07-11 18:06:56.884655+10:00,m6,2022-07-11 18:06:25+10:00,,1r
1057016,2022-07-11 18:07:56.937936+10:00,m6,2022-07-11 18:07:17+10:00,,1r
1057141,2022-07-11 18:08:24.969832+10:00,m6,2022-07-11 18:07:55+10:00,,1r
1057736,2022-07-11 18:10:37.108099+10:00,m6,2022-07-11 18:08:25+10:00,,1r
1058096,2022-07-11 18:11:57.188696+10:00,m6,2022-07-11 18:11:39+10:00,,1r
1058321,2022-07-11 18:12:47.249862+10:00,m6,2022-07-11 18:12:03+10:00,,1r
1058458,2022-07-11 18:13:17.275154+10:00,m7,2022-07-11 18:12:12+10:00,,1r
1077626,2022-07-11 19:24:22.263538+10:00,m6,2022-07-11 18:13:13+10:00,,1r
1058630,2022-07-11 18:13:55.347344+10:00,m7,2022-07-11 18:13:40+10:00,,1r
1066063,2022-07-11 18:41:29.238579+10:00,m7,2022-07-11 18:14:03+10:00,,1r
1066094,2022-07-11 18:41:37.232651+10:00,m1,2022-07-11 18:14:21+10:00,,1r
1066103,2022-07-11 18:41:39.239357+10:00,m2,2022-07-11 18:14:22+10:00,,1r
1066051,2022-07-11 18:41:27.224161+10:00,m5,2022-07-11 18:14:28+10:00,,1r
1058802,2022-07-11 18:14:35.259926+10:00,hue0,2022-07-11 18:14:29+10:00,True,1r
1066065,2022-07-11 18:41:31.147383+10:00,hue0,2022-07-11 18:14:39+10:00,False,1r
1069896,2022-07-11 18:55:42.249220+10:00,m5,2022-07-11 18:54:50+10:00,,2r
1069869,2022-07-11 18:55:36.234150+10:00,m3,2022-07-11 18:54:52+10:00,,2r
1069719,2022-07-11 18:55:04.109517+10:00,hue0,2022-07-11 18:54:56+10:00,True,2r
1069862,2022-07-11 18:55:34.256137+10:00,m2,2022-07-11 18:54:57+10:00,,2r
1069855,2022-07-11 18:55:34.215198+10:00,m1,2022-07-11 18:54:58+10:00,,2r
1069788,2022-07-11 18:55:18.217161+10:00,m7,2022-07-11 18:55:01+10:00,,2r
1069863,2022-07-11 18:55:36.146463+10:00,hue0,2022-07-11 18:55:06+10:00,False,2r
1069906,2022-07-11 18:55:44.260444+10:00,m7,2022-07-11 18:55:29+10:00,,2r
1071976,2022-07-11 19:03:24.800066+10:00,m7,2022-07-11 18:55:49+10:00,,2r
1071916,2022-07-11 19:03:12.771293+10:00,m1,2022-07-11 18:55:53+10:00,,2r
1071918,2022-07-11 19:03:12.773142+10:00,m2,2022-07-11 18:55:55+10:00,,2r
1071911,2022-07-11 19:03:10.771278+10:00,m5,2022-07-11 18:56:00+10:00,,2r
1071938,2022-07-11 19:03:16.775988+10:00,m3,2022-07-11 18:56:02+10:00,,2r
1070016,2022-07-11 18:56:10.188057+10:00,hue0,2022-07-11 18:56:02+10:00,True,2r
1071987,2022-07-11 19:03:28.704120+10:00,hue0,2022-07-11 18:56:12+10:00,False,2r
1073297,2022-07-11 19:08:19.175786+10:00,m5,2022-07-11 19:06:46+10:00,,2r
1082442,2022-07-11 19:42:13.515947+10:00,m3,2022-07-11 19:06:48+10:00,,2r
1073105,2022-07-11 19:07:37.070863+10:00,m2,2022-07-11 19:06:52+10:00,,2r
1072941,2022-07-11 19:07:00.952553+10:00,hue0,2022-07-11 19:06:52+10:00,True,2r
1073104,2022-07-11 19:07:37.068942+10:00,m1,2022-07-11 19:06:53+10:00,,2r
1072984,2022-07-11 19:07:09.057047+10:00,m7,2022-07-11 19:06:56+10:00,,2r
1073265,2022-07-11 19:08:13.037291+10:00,hue0,2022-07-11 19:07:02+10:00,False,2r
1073190,2022-07-11 19:07:55.115589+10:00,m7,2022-07-11 19:07:16+10:00,,2r
1073272,2022-07-11 19:08:13.139996+10:00,m7,2022-07-11 19:07:56+10:00,,2r
1073320,2022-07-11 19:08:25.139039+10:00,m1,2022-07-11 19:08:03+10:00,,2r
1073330,2022-07-11 19:08:27.138820+10:00,m2,2022-07-11 19:08:04+10:00,,2r
1073328,2022-07-11 19:08:27.059343+10:00,hue0,2022-07-11 19:08:16+10:00,True,2r
1082658,2022-07-11 19:43:01.576632+10:00,m7,2022-07-11 19:08:24+10:00,,2r
1073445,2022-07-11 19:08:53.093589+10:00,hue0,2022-07-11 19:08:30+10:00,False,2r
1082680,2022-07-11 19:43:07.567305+10:00,m1,2022-07-11 19:08:36+10:00,,2r
1082623,2022-07-11 19:42:53.569163+10:00,m2,2022-07-11 19:08:37+10:00,,2r
1082692,2022-07-11 19:43:09.576981+10:00,m5,2022-07-11 19:08:54+10:00,,2r
1073454,2022-07-11 19:08:55.097324+10:00,hue0,2022-07-11 19:08:54+10:00,True,2r
1082670,2022-07-11 19:43:05.489734+10:00,hue0,2022-07-11 19:09:04+10:00,False,2r
